VACUNA,ANIO,MES,RANGO_EDAD,CANTIDAD_DE_PERSONAL,POBLACION,PRESUPUESTO,ALFABETISMO,AGUA_POTABLE,DEMORA_CITA_horas,DEMORA_TRASLADO_horas,MES_NUM,CANTIDAD
AMA,2019,MARZO,1_ANIO,6.893657368800904,8.646465702867285,13.818721398693722,0.293,0.135,3.0425,0.5885,3,5.398167226394394
AMA,2019,ABRIL,1_ANIO,6.893657368800904,8.646465702867285,13.814006428328238,0.1445,0.597,0.877,0.313,4,5.891646974252895
AMA,2019,MAYO,1_ANIO,6.838406272658131,8.646465702867285,13.845190713036441,0.2259999999999999,0.3545,20.504,0.282,5,5.723588369920897
AMA,2019,JUNIO,1_ANIO,6.8426843494737115,8.646465702867285,14.026689215363136,0.186,0.438,2.0895,0.2175,6,5.47227487534332
AMA,2019,JULIO,1_ANIO,6.893657368800904,8.646465702867285,14.11715470617171,0.292,0.3685,14.760000000000002,0.212,7,5.209491617307365
AMA,2019,AGOSTO,1_ANIO,6.838406272658131,8.646465702867285,15.110246766887665,0.19,0.4795,3.29,0.1674999999999999,8,4.09436122874988
AMA,2019,SETIEMBRE,1_ANIO,6.849067343078282,8.646465702867285,11.359774297131064,0.136,0.494,25.7535,0.186,9,4.34381840878234
AMA,2019,OCTUBRE,1_ANIO,6.893657368800904,8.646465702867285,13.33637415319192,0.243,0.3379999999999999,11.2205,0.247,10,4.477348178050004
AMA,2019,NOVIEMBRE,1_ANIO,6.84161654485309,8.646465702867285,14.410929137244716,0.1755,0.405,8.0945,0.21,11,5.620404488898992
AMA,2019,DICIEMBRE,1_ANIO,6.8426843494737115,8.646465702867285,14.485051286360488,0.197,0.435,19.6735,0.2115,12,5.123969931766496
AMA,2020,ENERO,1_ANIO,7.346655807921657,7.797702446194224,13.564341691802975,0.1833333333333333,0.423,3.4973333333333336,0.2063333333333333,1,5.141669404438777
AMA,2020,FEBRERO,1_ANIO,7.354362970216537,7.797702446194224,13.543441959696858,0.2273333333333333,0.3796666666666666,8.130333333333335,0.182,2,5.075180065214296
AMA,2020,MARZO,1_ANIO,7.359468274792656,7.797702446194224,13.529608235484199,0.225,0.257,3.4586666666666672,0.7223333333333333,3,5.805137980960145
AMA,2020,ABRIL,1_ANIO,7.3537229706042915,7.797702446194224,13.611128652361893,0.3093333333333333,0.4043333333333334,0.0,0.0,4,5.73010302972155
AMA,2020,MAYO,1_ANIO,7.3889467156652175,7.797702446194224,13.47400990140351,0.4943333333333333,0.1786666666666666,0.0,0.0,5,5.262695370238613
AMA,2020,JUNIO,1_ANIO,7.393878905113717,7.797702446194224,13.485369041380835,0.4826666666666666,0.1493333333333333,0.0,0.0,6,2.833272165855592
AMA,2020,JULIO,1_ANIO,7.346655807921657,7.797702446194224,13.597682853715673,0.4073333333333333,0.2506666666666666,0.0,0.0,7,4.043068811540308
AMA,2020,AGOSTO,1_ANIO,7.45818673404159,7.797702446194224,13.494858914580224,0.4393333333333333,0.1376666666666667,0.0,0.0,8,4.8040292414209755
AMA,2020,SETIEMBRE,1_ANIO,7.45818673404159,7.797702446194224,13.527345703658753,0.2726666666666666,0.359,18.492,0.5363333333333333,9,5.7838282592480805
AMA,2020,OCTUBRE,1_ANIO,7.502738762326679,7.797702446194224,13.663237781605368,0.2776666666666667,0.2486666666666666,2.4446666666666665,0.3476666666666666,10,6.025868389281334
AMA,2020,NOVIEMBRE,1_ANIO,7.48885351501742,7.797702446194224,14.114358065058244,0.1949999999999999,0.2703333333333333,0.3736666666666666,0.257,11,6.232449981185135
AMA,2020,DICIEMBRE,1_ANIO,7.502738762326679,7.797702446194224,11.991120459441266,0.243,0.3193333333333333,0.8016666666666667,0.2873333333333333,12,6.559616653922834
AMA,2021,ENERO,1_ANIO,7.5021870384791525,7.8244463307176035,13.619871517025796,0.2656666666666666,0.1993333333333333,1.514,0.1913333333333333,1,6.552509313567096
AMA,2021,FEBRERO,1_ANIO,7.501082676745907,7.8244463307176035,13.425600836558248,0.1969999999999999,0.1793333333333333,0.2523333333333333,0.5203333333333333,2,6.234412686500763
AMA,2021,MARZO,1_ANIO,7.5087877188797405,7.8244463307176035,14.054323501416484,0.2766666666666666,0.2726666666666666,0.4446666666666667,1.0446666666666666,3,6.082221193478863
AMA,2021,ABRIL,1_ANIO,7.546974645220873,7.8244463307176035,12.499741763553693,0.194,0.118,9.826666666666666,0.4656666666666667,4,5.996454576178116
AMA,2021,MAYO,1_ANIO,7.533159342500898,7.8244463307176035,13.450264704204997,0.2386666666666666,0.2633333333333333,0.322,0.205,5,6.030687664104528
AMA,2021,JUNIO,1_ANIO,7.538495531611301,7.8244463307176035,13.4532457354388,0.204,0.3979999999999999,1.1183333333333334,0.7433333333333333,6,5.942801999795172
AMA,2021,JULIO,1_ANIO,7.540090851494812,7.8244463307176035,13.38123694261786,0.2763333333333334,0.399,2.0196666666666663,0.2416666666666667,7,5.996454576178116
AMA,2021,AGOSTO,1_ANIO,7.559038776819682,7.8244463307176035,13.353187757089165,0.2356666666666667,0.1786666666666666,3.763666666666667,0.471,8,5.877738582896164
AMA,2021,SETIEMBRE,1_ANIO,7.551187392782086,7.8244463307176035,13.432287747264946,0.2426666666666666,0.266,0.3876666666666666,0.1853333333333333,9,6.006355622652887
AMA,2021,OCTUBRE,1_ANIO,7.536364471737702,7.8244463307176035,13.325823271977082,0.3366666666666666,0.3176666666666666,3.731333333333333,0.5553333333333333,10,6.04500768370145
AMA,2021,NOVIEMBRE,1_ANIO,7.569928170972276,7.8244463307176035,13.606946459289867,0.21,0.217,10.665666666666668,1.273,11,6.175869349105679
AMA,2021,DICIEMBRE,1_ANIO,7.5755851643781735,7.8244463307176035,13.095744212252765,0.2563333333333333,0.3146666666666666,3.602,0.1943333333333333,12,5.899900093304765
AMA,2022,ENERO,1_ANIO,7.5857893293461185,7.849324208056085,13.435831612107915,0.2376666666666667,0.248,20.75133333333333,1.7856666666666667,1,5.762054527429321
AMA,2022,FEBRERO,1_ANIO,7.5973968219688155,7.849324208056085,13.721919400893377,0.1726666666666666,0.178,0.2566666666666666,0.6346666666666666,2,5.505335600964751
AMA,2022,MARZO,1_ANIO,7.614312639791789,7.849324208056085,13.572757237030647,0.162,0.2793333333333334,11.613333333333332,0.5706666666666667,3,5.771444238389961
AMA,2022,ABRIL,1_ANIO,7.6216854884404555,7.849324208056085,13.525928015429363,0.1636666666666666,0.2136666666666666,12.2,0.5693333333333334,4,5.888880728412147
AMA,2022,MAYO,1_ANIO,7.607878569802714,7.849324208056085,13.541352622047773,0.25,0.126,10.295333333333334,0.518,5,5.713736105833956
AMA,2022,JUNIO,1_ANIO,7.609367033739909,7.849324208056085,13.472477849832977,0.206,0.4653333333333333,0.8066666666666666,0.2056666666666666,6,5.998939043333182
AMA,2022,JULIO,1_ANIO,7.614805857807599,7.849324208056085,13.914502135826906,0.1846666666666666,0.3396666666666667,4.626,0.2803333333333334,7,5.91350570833732
AMA,2022,AGOSTO,1_ANIO,7.5616422656094455,7.849324208056085,13.56599351470442,0.2076666666666666,0.4006666666666666,6.354333333333333,0.1223333333333333,8,5.652492689034425
AMA,2022,SETIEMBRE,1_ANIO,7.6088711252228824,7.849324208056085,13.45041742457264,0.2516666666666666,0.37,6.698666666666667,0.3256666666666667,9,5.866470889790474
AMA,2022,OCTUBRE,1_ANIO,7.69802962399321,7.849324208056085,13.202833072674917,0.2376666666666666,0.2963333333333333,5.5376666666666665,0.731,10,6.133400212191693
AMA,2022,NOVIEMBRE,1_ANIO,7.69802962399321,7.849324208056085,13.42660753963045,0.231,0.1476666666666666,21.543666666666667,0.1616666666666666,11,5.95583996013505
AMA,2022,DICIEMBRE,1_ANIO,7.69802962399321,7.849324208056085,13.812403737792614,0.2063333333333333,0.158,18.31433333333333,0.183,12,6.118099400682094
APO,2019,MARZO,<1_ANIO,6.893657368800904,8.646465702867285,13.818721398693722,0.293,0.135,3.0425,0.5885,3,5.420539424041258
APO,2019,ABRIL,<1_ANIO,6.893657368800904,8.646465702867285,13.814006428328238,0.1445,0.597,0.877,0.313,4,5.192962406430334
APO,2019,MAYO,<1_ANIO,6.838406272658131,8.646465702867285,13.845190713036441,0.2259999999999999,0.3545,20.504,0.282,5,5.564524238732978
APO,2019,JUNIO,<1_ANIO,6.8426843494737115,8.646465702867285,14.026689215363136,0.186,0.438,2.0895,0.2175,6,5.50126229216905
APO,2019,JULIO,<1_ANIO,6.893657368800904,8.646465702867285,14.11715470617171,0.292,0.3685,14.760000000000002,0.212,7,5.552963460883098
APO,2019,AGOSTO,<1_ANIO,6.838406272658131,8.646465702867285,15.110246766887665,0.19,0.4795,3.29,0.1674999999999999,8,5.493065558558419
APO,2019,SETIEMBRE,<1_ANIO,6.849067343078282,8.646465702867285,11.359774297131064,0.136,0.494,25.7535,0.186,9,5.416104846638988
APO,2019,OCTUBRE,<1_ANIO,6.893657368800904,8.646465702867285,13.33637415319192,0.243,0.3379999999999999,11.2205,0.247,10,5.06891049150863
APO,2019,NOVIEMBRE,<1_ANIO,6.84161654485309,8.646465702867285,14.410929137244716,0.1755,0.405,8.0945,0.21,11,5.7004469178666985
APO,2019,DICIEMBRE,<1_ANIO,6.8426843494737115,8.646465702867285,14.485051286360488,0.197,0.435,19.6735,0.2115,12,5.57595289101793
APO,2020,ENERO,<1_ANIO,7.346655807921657,7.797702446194224,13.564341691802975,0.1833333333333333,0.423,3.4973333333333336,0.2063333333333333,1,5.4553253888528435
APO,2020,FEBRERO,<1_ANIO,7.354362970216537,7.797702446194224,13.543441959696858,0.2273333333333333,0.3796666666666666,8.130333333333335,0.182,2,5.342339036642359
APO,2020,MARZO,<1_ANIO,7.359468274792656,7.797702446194224,13.529608235484199,0.225,0.257,3.4586666666666672,0.7223333333333333,3,6.499788544414122
APO,2020,ABRIL,<1_ANIO,7.3537229706042915,7.797702446194224,13.611128652361893,0.3093333333333333,0.4043333333333334,0.0,0.0,4,6.350887461913914
APO,2020,MAYO,<1_ANIO,7.3889467156652175,7.797702446194224,13.47400990140351,0.4943333333333333,0.1786666666666666,0.0,0.0,5,6.006355622652887
APO,2020,JUNIO,<1_ANIO,7.393878905113717,7.797702446194224,13.485369041380835,0.4826666666666666,0.1493333333333333,0.0,0.0,6,3.8712218440242134
APO,2020,JULIO,<1_ANIO,7.346655807921657,7.797702446194224,13.597682853715673,0.4073333333333333,0.2506666666666666,0.0,0.0,7,4.6151304177823445
APO,2020,AGOSTO,<1_ANIO,7.45818673404159,7.797702446194224,13.494858914580224,0.4393333333333333,0.1376666666666667,0.0,0.0,8,5.433726370356932
APO,2020,SETIEMBRE,<1_ANIO,7.45818673404159,7.797702446194224,13.527345703658753,0.2726666666666666,0.359,18.492,0.5363333333333333,9,6.269098177643862
APO,2020,OCTUBRE,<1_ANIO,7.502738762326679,7.797702446194224,13.663237781605368,0.2776666666666667,0.2486666666666666,2.4446666666666665,0.3476666666666666,10,6.248044808742535
APO,2020,NOVIEMBRE,<1_ANIO,7.48885351501742,7.797702446194224,14.114358065058244,0.1949999999999999,0.2703333333333333,0.3736666666666666,0.257,11,6.4785111783057
APO,2020,DICIEMBRE,<1_ANIO,7.502738762326679,7.797702446194224,11.991120459441266,0.243,0.3193333333333333,0.8016666666666667,0.2873333333333333,12,6.579252600898025
APO,2021,ENERO,<1_ANIO,7.5021870384791525,7.8244463307176035,13.619871517025796,0.2656666666666666,0.1993333333333333,1.514,0.1913333333333333,1,6.792345549804635
APO,2021,FEBRERO,<1_ANIO,7.501082676745907,7.8244463307176035,13.425600836558248,0.1969999999999999,0.1793333333333333,0.2523333333333333,0.5203333333333333,2,6.501291172040763
APO,2021,MARZO,<1_ANIO,7.5087877188797405,7.8244463307176035,14.054323501416484,0.2766666666666666,0.2726666666666666,0.4446666666666667,1.0446666666666666,3,6.539587400703331
APO,2021,ABRIL,<1_ANIO,7.546974645220873,7.8244463307176035,12.499741763553693,0.194,0.118,9.826666666666666,0.4656666666666667,4,6.375026523404158
APO,2021,MAYO,<1_ANIO,7.533159342500898,7.8244463307176035,13.450264704204997,0.2386666666666666,0.2633333333333333,0.322,0.205,5,6.542473401427957
APO,2021,JUNIO,<1_ANIO,7.538495531611301,7.8244463307176035,13.4532457354388,0.204,0.3979999999999999,1.1183333333333334,0.7433333333333333,6,6.363029827676909
APO,2021,JULIO,<1_ANIO,7.540090851494812,7.8244463307176035,13.38123694261786,0.2763333333333334,0.399,2.0196666666666663,0.2416666666666667,7,6.380124231813583
APO,2021,AGOSTO,<1_ANIO,7.559038776819682,7.8244463307176035,13.353187757089165,0.2356666666666667,0.1786666666666666,3.763666666666667,0.471,8,6.276645369039126
APO,2021,SETIEMBRE,<1_ANIO,7.551187392782086,7.8244463307176035,13.432287747264946,0.2426666666666666,0.266,0.3876666666666666,0.1853333333333333,9,6.354371779926273
APO,2021,OCTUBRE,<1_ANIO,7.536364471737702,7.8244463307176035,13.325823271977082,0.3366666666666666,0.3176666666666666,3.731333333333333,0.5553333333333333,10,6.349140739630018
APO,2021,NOVIEMBRE,<1_ANIO,7.569928170972276,7.8244463307176035,13.606946459289867,0.21,0.217,10.665666666666668,1.273,11,6.4907250519520385
APO,2021,DICIEMBRE,<1_ANIO,7.5755851643781735,7.8244463307176035,13.095744212252765,0.2563333333333333,0.3146666666666666,3.602,0.1943333333333333,12,6.16541995506955
APO,2022,ENERO,<1_ANIO,7.5857893293461185,7.849324208056085,13.435831612107915,0.2376666666666667,0.248,20.75133333333333,1.7856666666666667,1,6.308100263001497
APO,2022,FEBRERO,<1_ANIO,7.5973968219688155,7.849324208056085,13.721919400893377,0.1726666666666666,0.178,0.2566666666666666,0.6346666666666666,2,5.986454517844095
APO,2022,MARZO,<1_ANIO,7.614312639791789,7.849324208056085,13.572757237030647,0.162,0.2793333333333334,11.613333333333332,0.5706666666666667,3,6.536693046865617
APO,2022,ABRIL,<1_ANIO,7.6216854884404555,7.849324208056085,13.525928015429363,0.1636666666666666,0.2136666666666666,12.2,0.5693333333333334,4,6.45520013566593
APO,2022,MAYO,<1_ANIO,7.607878569802714,7.849324208056085,13.541352622047773,0.25,0.126,10.295333333333334,0.518,5,6.618740318629813
APO,2022,JUNIO,<1_ANIO,7.609367033739909,7.849324208056085,13.472477849832977,0.206,0.4653333333333333,0.8066666666666666,0.2056666666666666,6,6.55535831428476
APO,2022,JULIO,<1_ANIO,7.614805857807599,7.849324208056085,13.914502135826906,0.1846666666666666,0.3396666666666667,4.626,0.2803333333333334,7,6.483108880508017
APO,2022,AGOSTO,<1_ANIO,7.5616422656094455,7.849324208056085,13.56599351470442,0.2076666666666666,0.4006666666666666,6.354333333333333,0.1223333333333333,8,6.432941700454929
APO,2022,SETIEMBRE,<1_ANIO,7.6088711252228824,7.849324208056085,13.45041742457264,0.2516666666666666,0.37,6.698666666666667,0.3256666666666667,9,6.453626573694601
APO,2022,OCTUBRE,<1_ANIO,7.69802962399321,7.849324208056085,13.202833072674917,0.2376666666666666,0.2963333333333333,5.5376666666666665,0.731,10,6.492241350170839
APO,2022,NOVIEMBRE,<1_ANIO,7.69802962399321,7.849324208056085,13.42660753963045,0.231,0.1476666666666666,21.543666666666667,0.1616666666666666,11,6.4085304385046
APO,2022,DICIEMBRE,<1_ANIO,7.69802962399321,7.849324208056085,13.812403737792614,0.2063333333333333,0.158,18.31433333333333,0.183,12,6.51619455533181
APO2,2019,MARZO,4_ANIOS,6.893657368800904,8.646465702867285,13.818721398693722,0.293,0.135,3.0425,0.5885,3,5.030444457318788
APO2,2019,ABRIL,4_ANIOS,6.893657368800904,8.646465702867285,13.814006428328238,0.1445,0.597,0.877,0.313,4,4.88280949831525
APO2,2019,MAYO,4_ANIOS,6.838406272658131,8.646465702867285,13.845190713036441,0.2259999999999999,0.3545,20.504,0.282,5,5.062601362120862
APO2,2019,JUNIO,4_ANIOS,6.8426843494737115,8.646465702867285,14.026689215363136,0.186,0.438,2.0895,0.2175,6,5.780746602207319
APO2,2019,JULIO,4_ANIOS,6.893657368800904,8.646465702867285,14.11715470617171,0.292,0.3685,14.760000000000002,0.212,7,5.36598068790813
APO2,2019,AGOSTO,4_ANIOS,6.838406272658131,8.646465702867285,15.110246766887665,0.19,0.4795,3.29,0.1674999999999999,8,3.9120430052281487
APO2,2019,SETIEMBRE,4_ANIOS,6.849067343078282,8.646465702867285,11.359774297131064,0.136,0.494,25.7535,0.186,9,4.189669893426794
APO2,2019,OCTUBRE,4_ANIOS,6.893657368800904,8.646465702867285,13.33637415319192,0.243,0.3379999999999999,11.2205,0.247,10,3.7612233712371035
APO2,2019,NOVIEMBRE,4_ANIOS,6.84161654485309,8.646465702867285,14.410929137244716,0.1755,0.405,8.0945,0.21,11,5.605805742759827
APO2,2019,DICIEMBRE,4_ANIOS,6.8426843494737115,8.646465702867285,14.485051286360488,0.197,0.435,19.6735,0.2115,12,5.214941192376826
APO2,2020,ENERO,4_ANIOS,7.346655807921657,7.797702446194224,13.564341691802975,0.1833333333333333,0.423,3.4973333333333336,0.2063333333333333,1,4.682140486340613
APO2,2020,FEBRERO,4_ANIOS,7.354362970216537,7.797702446194224,13.543441959696858,0.2273333333333333,0.3796666666666666,8.130333333333335,0.182,2,4.672838180212627
APO2,2020,MARZO,4_ANIOS,7.359468274792656,7.797702446194224,13.529608235484199,0.225,0.257,3.4586666666666672,0.7223333333333333,3,5.641910617031117
APO2,2020,ABRIL,4_ANIOS,7.3537229706042915,7.797702446194224,13.611128652361893,0.3093333333333333,0.4043333333333334,0.0,0.0,4,5.786900448846666
APO2,2020,MAYO,4_ANIOS,7.3889467156652175,7.797702446194224,13.47400990140351,0.4943333333333333,0.1786666666666666,0.0,0.0,5,5.3181248957929865
APO2,2020,JUNIO,4_ANIOS,7.393878905113717,7.797702446194224,13.485369041380835,0.4826666666666666,0.1493333333333333,0.0,0.0,6,3.6889044538014413
APO2,2020,JULIO,4_ANIOS,7.346655807921657,7.797702446194224,13.597682853715673,0.4073333333333333,0.2506666666666666,0.0,0.0,7,3.9512629491657494
APO2,2020,AGOSTO,4_ANIOS,7.45818673404159,7.797702446194224,13.494858914580224,0.4393333333333333,0.1376666666666667,0.0,0.0,8,4.454358924092881
APO2,2020,SETIEMBRE,4_ANIOS,7.45818673404159,7.797702446194224,13.527345703658753,0.2726666666666666,0.359,18.492,0.5363333333333333,9,5.541267466719364
APO2,2020,OCTUBRE,4_ANIOS,7.502738762326679,7.797702446194224,13.663237781605368,0.2776666666666667,0.2486666666666666,2.4446666666666665,0.3476666666666666,10,5.648977759281768
APO2,2020,NOVIEMBRE,4_ANIOS,7.48885351501742,7.797702446194224,14.114358065058244,0.1949999999999999,0.2703333333333333,0.3736666666666666,0.257,11,6.543913284412678
APO2,2020,DICIEMBRE,4_ANIOS,7.502738762326679,7.797702446194224,11.991120459441266,0.243,0.3193333333333333,0.8016666666666667,0.2873333333333333,12,6.529420298115174
APO2,2021,ENERO,4_ANIOS,7.5021870384791525,7.8244463307176035,13.619871517025796,0.2656666666666666,0.1993333333333333,1.514,0.1913333333333333,1,6.736968144240772
APO2,2021,FEBRERO,4_ANIOS,7.501082676745907,7.8244463307176035,13.425600836558248,0.1969999999999999,0.1793333333333333,0.2523333333333333,0.5203333333333333,2,5.849327661787087
APO2,2021,MARZO,4_ANIOS,7.5087877188797405,7.8244463307176035,14.054323501416484,0.2766666666666666,0.2726666666666666,0.4446666666666667,1.0446666666666666,3,5.5174569125209
APO2,2021,ABRIL,4_ANIOS,7.546974645220873,7.8244463307176035,12.499741763553693,0.194,0.118,9.826666666666666,0.4656666666666667,4,5.513432778414917
APO2,2021,MAYO,4_ANIOS,7.533159342500898,7.8244463307176035,13.450264704204997,0.2386666666666666,0.2633333333333333,0.322,0.205,5,5.50126229216905
APO2,2021,JUNIO,4_ANIOS,7.538495531611301,7.8244463307176035,13.4532457354388,0.204,0.3979999999999999,1.1183333333333334,0.7433333333333333,6,5.342339036642359
APO2,2021,JULIO,4_ANIOS,7.540090851494812,7.8244463307176035,13.38123694261786,0.2763333333333334,0.399,2.0196666666666663,0.2416666666666667,7,5.641910617031117
APO2,2021,AGOSTO,4_ANIOS,7.559038776819682,7.8244463307176035,13.353187757089165,0.2356666666666667,0.1786666666666666,3.763666666666667,0.471,8,5.398167226394394
APO2,2021,SETIEMBRE,4_ANIOS,7.551187392782086,7.8244463307176035,13.432287747264946,0.2426666666666666,0.266,0.3876666666666666,0.1853333333333333,9,5.3181248957929865
APO2,2021,OCTUBRE,4_ANIOS,7.536364471737702,7.8244463307176035,13.325823271977082,0.3366666666666666,0.3176666666666666,3.731333333333333,0.5553333333333333,10,5.505335600964751
APO2,2021,NOVIEMBRE,4_ANIOS,7.569928170972276,7.8244463307176035,13.606946459289867,0.21,0.217,10.665666666666668,1.273,11,5.602122510909793
APO2,2021,DICIEMBRE,4_ANIOS,7.5755851643781735,7.8244463307176035,13.095744212252765,0.2563333333333333,0.3146666666666666,3.602,0.1943333333333333,12,5.43808365673983
APO2,2022,ENERO,4_ANIOS,7.5857893293461185,7.849324208056085,13.435831612107915,0.2376666666666667,0.248,20.75133333333333,1.7856666666666667,1,5.393632091796577
APO2,2022,FEBRERO,4_ANIOS,7.5973968219688155,7.849324208056085,13.721919400893377,0.1726666666666666,0.178,0.2566666666666666,0.6346666666666666,2,5.087602508052838
APO2,2022,MARZO,4_ANIOS,7.614312639791789,7.849324208056085,13.572757237030647,0.162,0.2793333333333334,11.613333333333332,0.5706666666666667,3,5.777655419193096
APO2,2022,ABRIL,4_ANIOS,7.6216854884404555,7.849324208056085,13.525928015429363,0.1636666666666666,0.2136666666666666,12.2,0.5693333333333334,4,5.771444238389961
APO2,2022,MAYO,4_ANIOS,7.607878569802714,7.849324208056085,13.541352622047773,0.25,0.126,10.295333333333334,0.518,5,5.774554651129648
APO2,2022,JUNIO,4_ANIOS,7.609367033739909,7.849324208056085,13.472477849832977,0.206,0.4653333333333333,0.8066666666666666,0.2056666666666666,6,5.690362832696732
APO2,2022,JULIO,4_ANIOS,7.614805857807599,7.849324208056085,13.914502135826906,0.1846666666666666,0.3396666666666667,4.626,0.2803333333333334,7,5.509392385202777
APO2,2022,AGOSTO,4_ANIOS,7.5616422656094455,7.849324208056085,13.56599351470442,0.2076666666666666,0.4006666666666666,6.354333333333333,0.1223333333333333,8,5.236447281964739
APO2,2022,SETIEMBRE,4_ANIOS,7.6088711252228824,7.849324208056085,13.45041742457264,0.2516666666666666,0.37,6.698666666666667,0.3256666666666667,9,5.105951534488276
APO2,2022,OCTUBRE,4_ANIOS,7.69802962399321,7.849324208056085,13.202833072674917,0.2376666666666666,0.2963333333333333,5.5376666666666665,0.731,10,5.4553253888528435
APO2,2022,NOVIEMBRE,4_ANIOS,7.69802962399321,7.849324208056085,13.42660753963045,0.231,0.1476666666666666,21.543666666666667,0.1616666666666666,11,5.433726370356932
APO2,2022,DICIEMBRE,4_ANIOS,7.69802962399321,7.849324208056085,13.812403737792614,0.2063333333333333,0.158,18.31433333333333,0.183,12,5.5174569125209
APO_REF,2019,MARZO,1_ANIO,6.893657368800904,8.646465702867285,13.818721398693722,0.293,0.135,3.0425,0.5885,3,5.049862417485402
APO_REF,2019,ABRIL,1_ANIO,6.893657368800904,8.646465702867285,13.814006428328238,0.1445,0.597,0.877,0.313,4,5.153297374827893
APO_REF,2019,MAYO,1_ANIO,6.838406272658131,8.646465702867285,13.845190713036441,0.2259999999999999,0.3545,20.504,0.282,5,5.093756335757269
APO_REF,2019,JUNIO,1_ANIO,6.8426843494737115,8.646465702867285,14.026689215363136,0.186,0.438,2.0895,0.2175,6,5.298322366535537
APO_REF,2019,JULIO,1_ANIO,6.893657368800904,8.646465702867285,14.11715470617171,0.292,0.3685,14.760000000000002,0.212,7,5.214941192376826
APO_REF,2019,AGOSTO,1_ANIO,6.838406272658131,8.646465702867285,15.110246766887665,0.19,0.4795,3.29,0.1674999999999999,8,5.111993812434784
APO_REF,2019,SETIEMBRE,1_ANIO,6.849067343078282,8.646465702867285,11.359774297131064,0.136,0.494,25.7535,0.186,9,4.828321737270302
APO_REF,2019,OCTUBRE,1_ANIO,6.893657368800904,8.646465702867285,13.33637415319192,0.243,0.3379999999999999,11.2205,0.247,10,4.219522410950329
APO_REF,2019,NOVIEMBRE,1_ANIO,6.84161654485309,8.646465702867285,14.410929137244716,0.1755,0.405,8.0945,0.21,11,5.463836042304768
APO_REF,2019,DICIEMBRE,1_ANIO,6.8426843494737115,8.646465702867285,14.485051286360488,0.197,0.435,19.6735,0.2115,12,5.170489676840192
APO_REF,2020,ENERO,1_ANIO,7.346655807921657,7.797702446194224,13.564341691802975,0.1833333333333333,0.423,3.4973333333333336,0.2063333333333333,1,4.912662238650196
APO_REF,2020,FEBRERO,1_ANIO,7.354362970216537,7.797702446194224,13.543441959696858,0.2273333333333333,0.3796666666666666,8.130333333333335,0.182,2,5.017286459309552
APO_REF,2020,MARZO,1_ANIO,7.359468274792656,7.797702446194224,13.529608235484199,0.225,0.257,3.4586666666666672,0.7223333333333333,3,5.88332517399972
APO_REF,2020,ABRIL,1_ANIO,7.3537229706042915,7.797702446194224,13.611128652361893,0.3093333333333333,0.4043333333333334,0.0,0.0,4,5.814133516895238
APO_REF,2020,MAYO,1_ANIO,7.3889467156652175,7.797702446194224,13.47400990140351,0.4943333333333333,0.1786666666666666,0.0,0.0,5,5.488941858379554
APO_REF,2020,JUNIO,1_ANIO,7.393878905113717,7.797702446194224,13.485369041380835,0.4826666666666666,0.1493333333333333,0.0,0.0,6,3.434019462029382
APO_REF,2020,JULIO,1_ANIO,7.346655807921657,7.797702446194224,13.597682853715673,0.4073333333333333,0.2506666666666666,0.0,0.0,7,3.8712218440242134
APO_REF,2020,AGOSTO,1_ANIO,7.45818673404159,7.797702446194224,13.494858914580224,0.4393333333333333,0.1376666666666667,0.0,0.0,8,4.744940823977617
APO_REF,2020,SETIEMBRE,1_ANIO,7.45818673404159,7.797702446194224,13.527345703658753,0.2726666666666666,0.359,18.492,0.5363333333333333,9,5.8377333626135846
APO_REF,2020,OCTUBRE,1_ANIO,7.502738762326679,7.797702446194224,13.663237781605368,0.2776666666666667,0.2486666666666666,2.4446666666666665,0.3476666666666666,10,5.940173884295916
APO_REF,2020,NOVIEMBRE,1_ANIO,7.48885351501742,7.797702446194224,14.114358065058244,0.1949999999999999,0.2703333333333333,0.3736666666666666,0.257,11,6.469251867182168
APO_REF,2020,DICIEMBRE,1_ANIO,7.502738762326679,7.797702446194224,11.991120459441266,0.243,0.3193333333333333,0.8016666666666667,0.2873333333333333,12,6.361304204687221
APO_REF,2021,ENERO,1_ANIO,7.5021870384791525,7.8244463307176035,13.619871517025796,0.2656666666666666,0.1993333333333333,1.514,0.1913333333333333,1,6.459906019321537
APO_REF,2021,FEBRERO,1_ANIO,7.501082676745907,7.8244463307176035,13.425600836558248,0.1969999999999999,0.1793333333333333,0.2523333333333333,0.5203333333333333,2,5.988963923152387
APO_REF,2021,MARZO,1_ANIO,7.5087877188797405,7.8244463307176035,14.054323501416484,0.2766666666666666,0.2726666666666666,0.4446666666666667,1.0446666666666666,3,5.805137980960145
APO_REF,2021,ABRIL,1_ANIO,7.546974645220873,7.8244463307176035,12.499741763553693,0.194,0.118,9.826666666666666,0.4656666666666667,4,5.717030990874496
APO_REF,2021,MAYO,1_ANIO,7.533159342500898,7.8244463307176035,13.450264704204997,0.2386666666666666,0.2633333333333333,0.322,0.205,5,5.986454517844095
APO_REF,2021,JUNIO,1_ANIO,7.538495531611301,7.8244463307176035,13.4532457354388,0.204,0.3979999999999999,1.1183333333333334,0.7433333333333333,6,5.7365755232804405
APO_REF,2021,JULIO,1_ANIO,7.540090851494812,7.8244463307176035,13.38123694261786,0.2763333333333334,0.399,2.0196666666666663,0.2416666666666667,7,5.805137980960145
APO_REF,2021,AGOSTO,1_ANIO,7.559038776819682,7.8244463307176035,13.353187757089165,0.2356666666666667,0.1786666666666666,3.763666666666667,0.471,8,5.771444238389961
APO_REF,2021,SETIEMBRE,1_ANIO,7.551187392782086,7.8244463307176035,13.432287747264946,0.2426666666666666,0.266,0.3876666666666666,0.1853333333333333,9,5.899900093304765
APO_REF,2021,OCTUBRE,1_ANIO,7.536364471737702,7.8244463307176035,13.325823271977082,0.3366666666666666,0.3176666666666666,3.731333333333333,0.5553333333333333,10,5.950645156751003
APO_REF,2021,NOVIEMBRE,1_ANIO,7.569928170972276,7.8244463307176035,13.606946459289867,0.21,0.217,10.665666666666668,1.273,11,5.91350570833732
APO_REF,2021,DICIEMBRE,1_ANIO,7.5755851643781735,7.8244463307176035,13.095744212252765,0.2563333333333333,0.3146666666666666,3.602,0.1943333333333333,12,5.560685477161977
APO_REF,2022,ENERO,1_ANIO,7.5857893293461185,7.849324208056085,13.435831612107915,0.2376666666666667,0.248,20.75133333333333,1.7856666666666667,1,5.910799354063955
APO_REF,2022,FEBRERO,1_ANIO,7.5973968219688155,7.849324208056085,13.721919400893377,0.1726666666666666,0.178,0.2566666666666666,0.6346666666666666,2,5.389076296016121
APO_REF,2022,MARZO,1_ANIO,7.614312639791789,7.849324208056085,13.572757237030647,0.162,0.2793333333333334,11.613333333333332,0.5706666666666667,3,5.846441665226958
APO_REF,2022,ABRIL,1_ANIO,7.6216854884404555,7.849324208056085,13.525928015429363,0.1636666666666666,0.2136666666666666,12.2,0.5693333333333334,4,5.996454576178116
APO_REF,2022,MAYO,1_ANIO,7.607878569802714,7.849324208056085,13.541352622047773,0.25,0.126,10.295333333333334,0.518,5,6.049735813719742
APO_REF,2022,JUNIO,1_ANIO,7.609367033739909,7.849324208056085,13.472477849832977,0.206,0.4653333333333333,0.8066666666666666,0.2056666666666666,6,5.808145492978937
APO_REF,2022,JULIO,1_ANIO,7.614805857807599,7.849324208056085,13.914502135826906,0.1846666666666666,0.3396666666666667,4.626,0.2803333333333334,7,5.902636065638071
APO_REF,2022,AGOSTO,1_ANIO,7.5616422656094455,7.849324208056085,13.56599351470442,0.2076666666666666,0.4006666666666666,6.354333333333333,0.1223333333333333,8,5.717030990874496
APO_REF,2022,SETIEMBRE,1_ANIO,7.6088711252228824,7.849324208056085,13.45041742457264,0.2516666666666666,0.37,6.698666666666667,0.3256666666666667,9,5.749396170616558
APO_REF,2022,OCTUBRE,1_ANIO,7.69802962399321,7.849324208056085,13.202833072674917,0.2376666666666666,0.2963333333333333,5.5376666666666665,0.731,10,5.993963921069046
APO_REF,2022,NOVIEMBRE,1_ANIO,7.69802962399321,7.849324208056085,13.42660753963045,0.231,0.1476666666666666,21.543666666666667,0.1616666666666666,11,5.894405589081993
APO_REF,2022,DICIEMBRE,1_ANIO,7.69802962399321,7.849324208056085,13.812403737792614,0.2063333333333333,0.158,18.31433333333333,0.183,12,6.070740037468645
APT,2019,MARZO,1_ANIO,6.893657368800904,8.646465702867285,13.818721398693722,0.293,0.135,3.0425,0.5885,3,5.141669404438777
APT,2019,ABRIL,1_ANIO,6.893657368800904,8.646465702867285,13.814006428328238,0.1445,0.597,0.877,0.313,4,5.204012181567196
APT,2019,MAYO,1_ANIO,6.838406272658131,8.646465702867285,13.845190713036441,0.2259999999999999,0.3545,20.504,0.282,5,5.147500290750041
APT,2019,JUNIO,1_ANIO,6.8426843494737115,8.646465702867285,14.026689215363136,0.186,0.438,2.0895,0.2175,6,5.379901961824772
APT,2019,JULIO,1_ANIO,6.893657368800904,8.646465702867285,14.11715470617171,0.292,0.3685,14.760000000000002,0.212,7,5.308272647884
APT,2019,AGOSTO,1_ANIO,6.838406272658131,8.646465702867285,15.110246766887665,0.19,0.4795,3.29,0.1674999999999999,8,5.241752306050936
APT,2019,SETIEMBRE,1_ANIO,6.849067343078282,8.646465702867285,11.359774297131064,0.136,0.494,25.7535,0.186,9,5.062601362120862
APT,2019,OCTUBRE,1_ANIO,6.893657368800904,8.646465702867285,13.33637415319192,0.243,0.3379999999999999,11.2205,0.247,10,4.64440051447976
APT,2019,NOVIEMBRE,1_ANIO,6.84161654485309,8.646465702867285,14.410929137244716,0.1755,0.405,8.0945,0.21,11,5.568348320547706
APT,2019,DICIEMBRE,1_ANIO,6.8426843494737115,8.646465702867285,14.485051286360488,0.197,0.435,19.6735,0.2115,12,5.32788102314673
APT,2020,ENERO,1_ANIO,7.346655807921657,7.797702446194224,13.564341691802975,0.1833333333333333,0.423,3.4973333333333336,0.2063333333333333,1,5.164791688192902
APT,2020,FEBRERO,1_ANIO,7.354362970216537,7.797702446194224,13.543441959696858,0.2273333333333333,0.3796666666666666,8.130333333333335,0.182,2,5.141669404438777
APT,2020,MARZO,1_ANIO,7.359468274792656,7.797702446194224,13.529608235484199,0.225,0.257,3.4586666666666672,0.7223333333333333,3,5.937538843601373
APT,2020,ABRIL,1_ANIO,7.3537229706042915,7.797702446194224,13.611128652361893,0.3093333333333333,0.4043333333333334,0.0,0.0,4,5.905364572846498
APT,2020,MAYO,1_ANIO,7.3889467156652175,7.797702446194224,13.47400990140351,0.4943333333333333,0.1786666666666666,0.0,0.0,5,5.513432778414917
APT,2020,JUNIO,1_ANIO,7.393878905113717,7.797702446194224,13.485369041380835,0.4826666666666666,0.1493333333333333,0.0,0.0,6,3.610944939306028
APT,2020,JULIO,1_ANIO,7.346655807921657,7.797702446194224,13.597682853715673,0.4073333333333333,0.2506666666666666,0.0,0.0,7,3.970310781298653
APT,2020,AGOSTO,1_ANIO,7.45818673404159,7.797702446194224,13.494858914580224,0.4393333333333333,0.1376666666666667,0.0,0.0,8,4.753598811758862
APT,2020,SETIEMBRE,1_ANIO,7.45818673404159,7.797702446194224,13.527345703658753,0.2726666666666666,0.359,18.492,0.5363333333333333,9,5.902636065638071
APT,2020,OCTUBRE,1_ANIO,7.502738762326679,7.797702446194224,13.663237781605368,0.2776666666666667,0.2486666666666666,2.4446666666666665,0.3476666666666666,10,5.966149303222969
APT,2020,NOVIEMBRE,1_ANIO,7.48885351501742,7.797702446194224,14.114358065058244,0.1949999999999999,0.2703333333333333,0.3736666666666666,0.257,11,6.3007876295239456
APT,2020,DICIEMBRE,1_ANIO,7.502738762326679,7.797702446194224,11.991120459441266,0.243,0.3193333333333333,0.8016666666666667,0.2873333333333333,12,6.324360754494401
APT,2021,ENERO,1_ANIO,7.5021870384791525,7.8244463307176035,13.619871517025796,0.2656666666666666,0.1993333333333333,1.514,0.1913333333333333,1,6.393592426190036
APT,2021,FEBRERO,1_ANIO,7.501082676745907,7.8244463307176035,13.425600836558248,0.1969999999999999,0.1793333333333333,0.2523333333333333,0.5203333333333333,2,5.905364572846498
APT,2021,MARZO,1_ANIO,7.5087877188797405,7.8244463307176035,14.054323501416484,0.2766666666666666,0.2726666666666666,0.4446666666666667,1.0446666666666666,3,5.860789072464656
APT,2021,ABRIL,1_ANIO,7.546974645220873,7.8244463307176035,12.499741763553693,0.194,0.118,9.826666666666666,0.4656666666666667,4,5.752575813423769
APT,2021,MAYO,1_ANIO,7.533159342500898,7.8244463307176035,13.450264704204997,0.2386666666666666,0.2633333333333333,0.322,0.205,5,6.035483824866392
APT,2021,JUNIO,1_ANIO,7.538495531611301,7.8244463307176035,13.4532457354388,0.204,0.3979999999999999,1.1183333333333334,0.7433333333333333,6,5.752575813423769
APT,2021,JULIO,1_ANIO,7.540090851494812,7.8244463307176035,13.38123694261786,0.2763333333333334,0.399,2.0196666666666663,0.2416666666666667,7,5.834813661034938
APT,2021,AGOSTO,1_ANIO,7.559038776819682,7.8244463307176035,13.353187757089165,0.2356666666666667,0.1786666666666666,3.763666666666667,0.471,8,5.749396170616558
APT,2021,SETIEMBRE,1_ANIO,7.551187392782086,7.8244463307176035,13.432287747264946,0.2426666666666666,0.266,0.3876666666666666,0.1853333333333333,9,5.96100791693954
APT,2021,OCTUBRE,1_ANIO,7.536364471737702,7.8244463307176035,13.325823271977082,0.3366666666666666,0.3176666666666666,3.731333333333333,0.5553333333333333,10,5.948037600143294
APT,2021,NOVIEMBRE,1_ANIO,7.569928170972276,7.8244463307176035,13.606946459289867,0.21,0.217,10.665666666666668,1.273,11,5.95583996013505
APT,2021,DICIEMBRE,1_ANIO,7.5755851643781735,7.8244463307176035,13.095744212252765,0.2563333333333333,0.3146666666666666,3.602,0.1943333333333333,12,5.560685477161977
APT,2022,ENERO,1_ANIO,7.5857893293461185,7.849324208056085,13.435831612107915,0.2376666666666667,0.248,20.75133333333333,1.7856666666666667,1,5.971264390807617
APT,2022,FEBRERO,1_ANIO,7.5973968219688155,7.849324208056085,13.721919400893377,0.1726666666666666,0.178,0.2566666666666666,0.6346666666666666,2,5.407176255754997
APT,2022,MARZO,1_ANIO,7.614312639791789,7.849324208056085,13.572757237030647,0.162,0.2793333333333334,11.613333333333332,0.5706666666666667,3,5.886106809224075
APT,2022,ABRIL,1_ANIO,7.6216854884404555,7.849324208056085,13.525928015429363,0.1636666666666666,0.2136666666666666,12.2,0.5693333333333334,4,6.059125532027665
APT,2022,MAYO,1_ANIO,7.607878569802714,7.849324208056085,13.541352622047773,0.25,0.126,10.295333333333334,0.518,5,6.09582681468194
APT,2022,JUNIO,1_ANIO,7.609367033739909,7.849324208056085,13.472477849832977,0.206,0.4653333333333333,0.8066666666666666,0.2056666666666666,6,5.88332517399972
APT,2022,JULIO,1_ANIO,7.614805857807599,7.849324208056085,13.914502135826906,0.1846666666666666,0.3396666666666667,4.626,0.2803333333333334,7,5.937538843601373
APT,2022,AGOSTO,1_ANIO,7.5616422656094455,7.849324208056085,13.56599351470442,0.2076666666666666,0.4006666666666666,6.354333333333333,0.1223333333333333,8,5.755745378138867
APT,2022,SETIEMBRE,1_ANIO,7.6088711252228824,7.849324208056085,13.45041742457264,0.2516666666666666,0.37,6.698666666666667,0.3256666666666667,9,5.793016657159984
APT,2022,OCTUBRE,1_ANIO,7.69802962399321,7.849324208056085,13.202833072674917,0.2376666666666666,0.2963333333333333,5.5376666666666665,0.731,10,6.035483824866392
APT,2022,NOVIEMBRE,1_ANIO,7.69802962399321,7.849324208056085,13.42660753963045,0.231,0.1476666666666666,21.543666666666667,0.1616666666666666,11,5.96358191430923
APT,2022,DICIEMBRE,1_ANIO,7.69802962399321,7.849324208056085,13.812403737792614,0.2063333333333333,0.158,18.31433333333333,0.183,12,6.139886707396347
BCG,2019,MARZO,RN,6.893657368800904,8.646465702867285,13.818721398693722,0.293,0.135,3.0425,0.5885,3,6.959399461801141
BCG,2019,ABRIL,RN,6.893657368800904,8.646465702867285,13.814006428328238,0.1445,0.597,0.877,0.313,4,6.669499358892607
BCG,2019,MAYO,RN,6.838406272658131,8.646465702867285,13.845190713036441,0.2259999999999999,0.3545,20.504,0.282,5,6.639877141015224
BCG,2019,JUNIO,RN,6.8426843494737115,8.646465702867285,14.026689215363136,0.186,0.438,2.0895,0.2175,6,6.602589249040519
BCG,2019,JULIO,RN,6.893657368800904,8.646465702867285,14.11715470617171,0.292,0.3685,14.760000000000002,0.212,7,6.663133973129196
BCG,2019,AGOSTO,RN,6.838406272658131,8.646465702867285,15.110246766887665,0.19,0.4795,3.29,0.1674999999999999,8,6.539587400703331
BCG,2019,SETIEMBRE,RN,6.849067343078282,8.646465702867285,11.359774297131064,0.136,0.494,25.7535,0.186,9,6.538141270944625
BCG,2019,OCTUBRE,RN,6.893657368800904,8.646465702867285,13.33637415319192,0.243,0.3379999999999999,11.2205,0.247,10,6.605299274127259
BCG,2019,NOVIEMBRE,RN,6.84161654485309,8.646465702867285,14.410929137244716,0.1755,0.405,8.0945,0.21,11,6.599871859756129
BCG,2019,DICIEMBRE,RN,6.8426843494737115,8.646465702867285,14.485051286360488,0.197,0.435,19.6735,0.2115,12,6.588927853048392
BCG,2020,ENERO,RN,7.346655807921657,7.797702446194224,13.564341691802975,0.1833333333333333,0.423,3.4973333333333336,0.2063333333333333,1,6.566673836272012
BCG,2020,FEBRERO,RN,7.354362970216537,7.797702446194224,13.543441959696858,0.2273333333333333,0.3796666666666666,8.130333333333335,0.182,2,6.519148762865561
BCG,2020,MARZO,RN,7.359468274792656,7.797702446194224,13.529608235484199,0.225,0.257,3.4586666666666672,0.7223333333333333,3,5.47227487534332
BCG,2020,ABRIL,RN,7.3537229706042915,7.797702446194224,13.611128652361893,0.3093333333333333,0.4043333333333334,0.0,0.0,4,5.347112292610893
BCG,2020,MAYO,RN,7.3889467156652175,7.797702446194224,13.47400990140351,0.4943333333333333,0.1786666666666666,0.0,0.0,5,5.323014857175291
BCG,2020,JUNIO,RN,7.393878905113717,7.797702446194224,13.485369041380835,0.4826666666666666,0.1493333333333333,0.0,0.0,6,5.746206385423228
BCG,2020,JULIO,RN,7.346655807921657,7.797702446194224,13.597682853715673,0.4073333333333333,0.2506666666666666,0.0,0.0,7,5.468064360535513
BCG,2020,AGOSTO,RN,7.45818673404159,7.797702446194224,13.494858914580224,0.4393333333333333,0.1376666666666667,0.0,0.0,8,5.442422039516752
BCG,2020,SETIEMBRE,RN,7.45818673404159,7.797702446194224,13.527345703658753,0.2726666666666666,0.359,18.492,0.5363333333333333,9,5.749396170616558
BCG,2020,OCTUBRE,RN,7.502738762326679,7.797702446194224,13.663237781605368,0.2776666666666667,0.2486666666666666,2.4446666666666665,0.3476666666666666,10,5.945423226404196
BCG,2020,NOVIEMBRE,RN,7.48885351501742,7.797702446194224,14.114358065058244,0.1949999999999999,0.2703333333333333,0.3736666666666666,0.257,11,5.902636065638071
BCG,2020,DICIEMBRE,RN,7.502738762326679,7.797702446194224,11.991120459441266,0.243,0.3193333333333333,0.8016666666666667,0.2873333333333333,12,5.942801999795172
BCG,2021,ENERO,RN,7.5021870384791525,7.8244463307176035,13.619871517025796,0.2656666666666666,0.1993333333333333,1.514,0.1913333333333333,1,5.8230488540585235
BCG,2021,FEBRERO,RN,7.501082676745907,7.8244463307176035,13.425600836558248,0.1969999999999999,0.1793333333333333,0.2523333333333333,0.5203333333333333,2,5.855074787527835
BCG,2021,MARZO,RN,7.5087877188797405,7.8244463307176035,14.054323501416484,0.2766666666666666,0.2726666666666666,0.4446666666666667,1.0446666666666666,3,5.857936011622235
BCG,2021,ABRIL,RN,7.546974645220873,7.8244463307176035,12.499741763553693,0.194,0.118,9.826666666666666,0.4656666666666667,4,5.866470889790474
BCG,2021,MAYO,RN,7.533159342500898,7.8244463307176035,13.450264704204997,0.2386666666666666,0.2633333333333333,0.322,0.205,5,6.180018724043804
BCG,2021,JUNIO,RN,7.538495531611301,7.8244463307176035,13.4532457354388,0.204,0.3979999999999999,1.1183333333333334,0.7433333333333333,6,6.1441877800460905
BCG,2021,JULIO,RN,7.540090851494812,7.8244463307176035,13.38123694261786,0.2763333333333334,0.399,2.0196666666666663,0.2416666666666667,7,5.771444238389961
BCG,2021,AGOSTO,RN,7.559038776819682,7.8244463307176035,13.353187757089165,0.2356666666666667,0.1786666666666666,3.763666666666667,0.471,8,5.886106809224075
BCG,2021,SETIEMBRE,RN,7.551187392782086,7.8244463307176035,13.432287747264946,0.2426666666666666,0.266,0.3876666666666666,0.1853333333333333,9,5.789963228996553
BCG,2021,OCTUBRE,RN,7.536364471737702,7.8244463307176035,13.325823271977082,0.3366666666666666,0.3176666666666666,3.731333333333333,0.5553333333333333,10,5.659485700074108
BCG,2021,NOVIEMBRE,RN,7.569928170972276,7.8244463307176035,13.606946459289867,0.21,0.217,10.665666666666668,1.273,11,5.826003057228607
BCG,2021,DICIEMBRE,RN,7.5755851643781735,7.8244463307176035,13.095744212252765,0.2563333333333333,0.3146666666666666,3.602,0.1943333333333333,12,5.549079975938233
BCG,2022,ENERO,RN,7.5857893293461185,7.849324208056085,13.435831612107915,0.2376666666666667,0.248,20.75133333333333,1.7856666666666667,1,5.641910617031117
BCG,2022,FEBRERO,RN,7.5973968219688155,7.849324208056085,13.721919400893377,0.1726666666666666,0.178,0.2566666666666666,0.6346666666666666,2,5.347112292610893
BCG,2022,MARZO,RN,7.614312639791789,7.849324208056085,13.572757237030647,0.162,0.2793333333333334,11.613333333333332,0.5706666666666667,3,6.795706893741121
BCG,2022,ABRIL,RN,7.6216854884404555,7.849324208056085,13.525928015429363,0.1636666666666666,0.2136666666666666,12.2,0.5693333333333334,4,6.656727809524609
BCG,2022,MAYO,RN,7.607878569802714,7.849324208056085,13.541352622047773,0.25,0.126,10.295333333333334,0.518,5,6.720221361407185
BCG,2022,JUNIO,RN,7.609367033739909,7.849324208056085,13.472477849832977,0.206,0.4653333333333333,0.8066666666666666,0.2056666666666666,6,6.705640318849462
BCG,2022,JULIO,RN,7.614805857807599,7.849324208056085,13.914502135826906,0.1846666666666666,0.3396666666666667,4.626,0.2803333333333334,7,6.668229519064626
BCG,2022,AGOSTO,RN,7.5616422656094455,7.849324208056085,13.56599351470442,0.2076666666666666,0.4006666666666666,6.354333333333333,0.1223333333333333,8,6.659295201734098
BCG,2022,SETIEMBRE,RN,7.6088711252228824,7.849324208056085,13.45041742457264,0.2516666666666666,0.37,6.698666666666667,0.3256666666666667,9,6.68710985474853
BCG,2022,OCTUBRE,RN,7.69802962399321,7.849324208056085,13.202833072674917,0.2376666666666666,0.2963333333333333,5.5376666666666665,0.731,10,6.559616653922834
BCG,2022,NOVIEMBRE,RN,7.69802962399321,7.849324208056085,13.42660753963045,0.231,0.1476666666666666,21.543666666666667,0.1616666666666666,11,6.566673836272012
BCG,2022,DICIEMBRE,RN,7.69802962399321,7.849324208056085,13.812403737792614,0.2063333333333333,0.158,18.31433333333333,0.183,12,6.61740431487198
DPT2,2019,MARZO,4_ANIOS,6.893657368800904,8.646465702867285,13.818721398693722,0.293,0.135,3.0425,0.5885,3,5.081410576145298
DPT2,2019,ABRIL,4_ANIOS,6.893657368800904,8.646465702867285,13.814006428328238,0.1445,0.597,0.877,0.313,4,4.912662238650196
DPT2,2019,MAYO,4_ANIOS,6.838406272658131,8.646465702867285,13.845190713036441,0.2259999999999999,0.3545,20.504,0.282,5,5.105951534488276
DPT2,2019,JUNIO,4_ANIOS,6.8426843494737115,8.646465702867285,14.026689215363136,0.186,0.438,2.0895,0.2175,6,5.840644564345917
DPT2,2019,JULIO,4_ANIOS,6.893657368800904,8.646465702867285,14.11715470617171,0.292,0.3685,14.760000000000002,0.212,7,5.3752830373030775
DPT2,2019,AGOSTO,4_ANIOS,6.838406272658131,8.646465702867285,15.110246766887665,0.19,0.4795,3.29,0.1674999999999999,8,4.477348178050004
DPT2,2019,SETIEMBRE,4_ANIOS,6.849067343078282,8.646465702867285,11.359774297131064,0.136,0.494,25.7535,0.186,9,4.5108704954674606
DPT2,2019,OCTUBRE,4_ANIOS,6.893657368800904,8.646465702867285,13.33637415319192,0.243,0.3379999999999999,11.2205,0.247,10,4.1588987082376025
DPT2,2019,NOVIEMBRE,4_ANIOS,6.84161654485309,8.646465702867285,14.410929137244716,0.1755,0.405,8.0945,0.21,11,5.733344513138463
DPT2,2019,DICIEMBRE,4_ANIOS,6.8426843494737115,8.646465702867285,14.485051286360488,0.197,0.435,19.6735,0.2115,12,5.298322366535537
DPT2,2020,ENERO,4_ANIOS,7.346655807921657,7.797702446194224,13.564341691802975,0.1833333333333333,0.423,3.4973333333333336,0.2063333333333333,1,4.84419496044334
DPT2,2020,FEBRERO,4_ANIOS,7.354362970216537,7.797702446194224,13.543441959696858,0.2273333333333333,0.3796666666666666,8.130333333333335,0.182,2,4.859820156269611
DPT2,2020,MARZO,4_ANIOS,7.359468274792656,7.797702446194224,13.529608235484199,0.225,0.257,3.4586666666666672,0.7223333333333333,3,5.786900448846666
DPT2,2020,ABRIL,4_ANIOS,7.3537229706042915,7.797702446194224,13.611128652361893,0.3093333333333333,0.4043333333333334,0.0,0.0,4,5.902636065638071
DPT2,2020,MAYO,4_ANIOS,7.3889467156652175,7.797702446194224,13.47400990140351,0.4943333333333333,0.1786666666666666,0.0,0.0,5,5.47227487534332
DPT2,2020,JUNIO,4_ANIOS,7.393878905113717,7.797702446194224,13.485369041380835,0.4826666666666666,0.1493333333333333,0.0,0.0,6,3.52638993594835
DPT2,2020,JULIO,4_ANIOS,7.346655807921657,7.797702446194224,13.597682853715673,0.4073333333333333,0.2506666666666666,0.0,0.0,7,4.09436122874988
DPT2,2020,AGOSTO,4_ANIOS,7.45818673404159,7.797702446194224,13.494858914580224,0.4393333333333333,0.1376666666666667,0.0,0.0,8,4.8040292414209755
DPT2,2020,SETIEMBRE,4_ANIOS,7.45818673404159,7.797702446194224,13.527345703658753,0.2726666666666666,0.359,18.492,0.5363333333333333,9,5.598425662695219
DPT2,2020,OCTUBRE,4_ANIOS,7.502738762326679,7.797702446194224,13.663237781605368,0.2776666666666667,0.2486666666666666,2.4446666666666665,0.3476666666666666,10,5.76832412078889
DPT2,2020,NOVIEMBRE,4_ANIOS,7.48885351501742,7.797702446194224,14.114358065058244,0.1949999999999999,0.2703333333333333,0.3736666666666666,0.257,11,6.677084720692187
DPT2,2020,DICIEMBRE,4_ANIOS,7.502738762326679,7.797702446194224,11.991120459441266,0.243,0.3193333333333333,0.8016666666666667,0.2873333333333333,12,6.572283941294428
DPT2,2021,ENERO,4_ANIOS,7.5021870384791525,7.8244463307176035,13.619871517025796,0.2656666666666666,0.1993333333333333,1.514,0.1913333333333333,1,6.90575427831497
DPT2,2021,FEBRERO,4_ANIOS,7.501082676745907,7.8244463307176035,13.425600836558248,0.1969999999999999,0.1793333333333333,0.2523333333333333,0.5203333333333333,2,5.950645156751003
DPT2,2021,MARZO,4_ANIOS,7.5087877188797405,7.8244463307176035,14.054323501416484,0.2766666666666666,0.2726666666666666,0.4446666666666667,1.0446666666666666,3,5.648977759281768
DPT2,2021,ABRIL,4_ANIOS,7.546974645220873,7.8244463307176035,12.499741763553693,0.194,0.118,9.826666666666666,0.4656666666666667,4,5.605805742759827
DPT2,2021,MAYO,4_ANIOS,7.533159342500898,7.8244463307176035,13.450264704204997,0.2386666666666666,0.2633333333333333,0.322,0.205,5,5.613131756016447
DPT2,2021,JUNIO,4_ANIOS,7.538495531611301,7.8244463307176035,13.4532457354388,0.204,0.3979999999999999,1.1183333333333334,0.7433333333333333,6,5.442422039516752
DPT2,2021,JULIO,4_ANIOS,7.540090851494812,7.8244463307176035,13.38123694261786,0.2763333333333334,0.399,2.0196666666666663,0.2416666666666667,7,5.697096842204472
DPT2,2021,AGOSTO,4_ANIOS,7.559038776819682,7.8244463307176035,13.353187757089165,0.2356666666666667,0.1786666666666666,3.763666666666667,0.471,8,5.493065558558419
DPT2,2021,SETIEMBRE,4_ANIOS,7.551187392782086,7.8244463307176035,13.432287747264946,0.2426666666666666,0.266,0.3876666666666666,0.1853333333333333,9,5.442422039516752
DPT2,2021,OCTUBRE,4_ANIOS,7.536364471737702,7.8244463307176035,13.325823271977082,0.3366666666666666,0.3176666666666666,3.731333333333333,0.5553333333333333,10,5.560685477161977
DPT2,2021,NOVIEMBRE,4_ANIOS,7.569928170972276,7.8244463307176035,13.606946459289867,0.21,0.217,10.665666666666668,1.273,11,5.652492689034425
DPT2,2021,DICIEMBRE,4_ANIOS,7.5755851643781735,7.8244463307176035,13.095744212252765,0.2563333333333333,0.3146666666666666,3.602,0.1943333333333333,12,5.529433055757518
DPT2,2022,ENERO,4_ANIOS,7.5857893293461185,7.849324208056085,13.435831612107915,0.2376666666666667,0.248,20.75133333333333,1.7856666666666667,1,5.488941858379554
DPT2,2022,FEBRERO,4_ANIOS,7.5973968219688155,7.849324208056085,13.721919400893377,0.1726666666666666,0.178,0.2566666666666666,0.6346666666666666,2,5.176155382275383
DPT2,2022,MARZO,4_ANIOS,7.614312639791789,7.849324208056085,13.572757237030647,0.162,0.2793333333333334,11.613333333333332,0.5706666666666667,3,5.877738582896164
DPT2,2022,ABRIL,4_ANIOS,7.6216854884404555,7.849324208056085,13.525928015429363,0.1636666666666666,0.2136666666666666,12.2,0.5693333333333334,4,5.863634016503153
DPT2,2022,MAYO,4_ANIOS,7.607878569802714,7.849324208056085,13.541352622047773,0.25,0.126,10.295333333333334,0.518,5,5.869299737988541
DPT2,2022,JUNIO,4_ANIOS,7.609367033739909,7.849324208056085,13.472477849832977,0.206,0.4653333333333333,0.8066666666666666,0.2056666666666666,6,5.726851004910882
DPT2,2022,JULIO,4_ANIOS,7.614805857807599,7.849324208056085,13.914502135826906,0.1846666666666666,0.3396666666666667,4.626,0.2803333333333334,7,5.590990711847179
DPT2,2022,AGOSTO,4_ANIOS,7.5616422656094455,7.849324208056085,13.56599351470442,0.2076666666666666,0.4006666666666666,6.354333333333333,0.1223333333333333,8,5.273004686755725
DPT2,2022,SETIEMBRE,4_ANIOS,7.6088711252228824,7.849324208056085,13.45041742457264,0.2516666666666666,0.37,6.698666666666667,0.3256666666666667,9,5.24702933530453
DPT2,2022,OCTUBRE,4_ANIOS,7.69802962399321,7.849324208056085,13.202833072674917,0.2376666666666666,0.2963333333333333,5.5376666666666665,0.731,10,5.545181350721933
DPT2,2022,NOVIEMBRE,4_ANIOS,7.69802962399321,7.849324208056085,13.42660753963045,0.231,0.1476666666666666,21.543666666666667,0.1616666666666666,11,5.583500068173128
DPT2,2022,DICIEMBRE,4_ANIOS,7.69802962399321,7.849324208056085,13.812403737792614,0.2063333333333333,0.158,18.31433333333333,0.183,12,5.560685477161977
HVB,2019,MARZO,RN,6.893657368800904,8.646465702867285,13.818721398693722,0.293,0.135,3.0425,0.5885,3,6.9087557783157205
HVB,2019,ABRIL,RN,6.893657368800904,8.646465702867285,13.814006428328238,0.1445,0.597,0.877,0.313,4,6.621406983321171
HVB,2019,MAYO,RN,6.838406272658131,8.646465702867285,13.845190713036441,0.2259999999999999,0.3545,20.504,0.282,5,6.548220535426102
HVB,2019,JUNIO,RN,6.8426843494737115,8.646465702867285,14.026689215363136,0.186,0.438,2.0895,0.2175,6,6.51619455533181
HVB,2019,JULIO,RN,6.893657368800904,8.646465702867285,14.11715470617171,0.292,0.3685,14.760000000000002,0.212,7,6.530879085450771
HVB,2019,AGOSTO,RN,6.838406272658131,8.646465702867285,15.110246766887665,0.19,0.4795,3.29,0.1674999999999999,8,6.428106888192176
HVB,2019,SETIEMBRE,RN,6.849067343078282,8.646465702867285,11.359774297131064,0.136,0.494,25.7535,0.186,9,6.448890976424087
HVB,2019,OCTUBRE,RN,6.893657368800904,8.646465702867285,13.33637415319192,0.243,0.3379999999999999,11.2205,0.247,10,6.520622600311662
HVB,2019,NOVIEMBRE,RN,6.84161654485309,8.646465702867285,14.410929137244716,0.1755,0.405,8.0945,0.21,11,6.481578660668826
HVB,2019,DICIEMBRE,RN,6.8426843494737115,8.646465702867285,14.485051286360488,0.197,0.435,19.6735,0.2115,12,6.496776498480351
HVB,2020,ENERO,RN,7.346655807921657,7.797702446194224,13.564341691802975,0.1833333333333333,0.423,3.4973333333333336,0.2063333333333333,1,6.489206451081001
HVB,2020,FEBRERO,RN,7.354362970216537,7.797702446194224,13.543441959696858,0.2273333333333333,0.3796666666666666,8.130333333333335,0.182,2,6.461469738852497
HVB,2020,MARZO,RN,7.359468274792656,7.797702446194224,13.529608235484199,0.225,0.257,3.4586666666666672,0.7223333333333333,3,5.572157834451905
HVB,2020,ABRIL,RN,7.3537229706042915,7.797702446194224,13.611128652361893,0.3093333333333333,0.4043333333333334,0.0,0.0,4,5.446741682001848
HVB,2020,MAYO,RN,7.3889467156652175,7.797702446194224,13.47400990140351,0.4943333333333333,0.1786666666666666,0.0,0.0,5,5.416104846638988
HVB,2020,JUNIO,RN,7.393878905113717,7.797702446194224,13.485369041380835,0.4826666666666666,0.1493333333333333,0.0,0.0,6,5.811143986984194
HVB,2020,JULIO,RN,7.346655807921657,7.797702446194224,13.597682853715673,0.4073333333333333,0.2506666666666666,0.0,0.0,7,5.707113587002493
HVB,2020,AGOSTO,RN,7.45818673404159,7.797702446194224,13.494858914580224,0.4393333333333333,0.1376666666666667,0.0,0.0,8,5.509392385202777
HVB,2020,SETIEMBRE,RN,7.45818673404159,7.797702446194224,13.527345703658753,0.2726666666666666,0.359,18.492,0.5363333333333333,9,5.814133516895238
HVB,2020,OCTUBRE,RN,7.502738762326679,7.797702446194224,13.663237781605368,0.2776666666666667,0.2486666666666666,2.4446666666666665,0.3476666666666666,10,6.037873306554134
HVB,2020,NOVIEMBRE,RN,7.48885351501742,7.797702446194224,14.114358065058244,0.1949999999999999,0.2703333333333333,0.3736666666666666,0.257,11,5.958427277005772
HVB,2020,DICIEMBRE,RN,7.502738762326679,7.797702446194224,11.991120459441266,0.243,0.3193333333333333,0.8016666666666667,0.2873333333333333,12,6.04500768370145
HVB,2021,ENERO,RN,7.5021870384791525,7.8244463307176035,13.619871517025796,0.2656666666666666,0.1993333333333333,1.514,0.1913333333333333,1,5.905364572846498
HVB,2021,FEBRERO,RN,7.501082676745907,7.8244463307176035,13.425600836558248,0.1969999999999999,0.1793333333333333,0.2523333333333333,0.5203333333333333,2,5.899900093304765
HVB,2021,MARZO,RN,7.5087877188797405,7.8244463307176035,14.054323501416484,0.2766666666666666,0.2726666666666666,0.4446666666666667,1.0446666666666666,3,5.940173884295916
HVB,2021,ABRIL,RN,7.546974645220873,7.8244463307176035,12.499741763553693,0.194,0.118,9.826666666666666,0.4656666666666667,4,5.981416736503817
HVB,2021,MAYO,RN,7.533159342500898,7.8244463307176035,13.450264704204997,0.2386666666666666,0.2633333333333333,0.322,0.205,5,6.24997717275955
HVB,2021,JUNIO,RN,7.538495531611301,7.8244463307176035,13.4532457354388,0.204,0.3979999999999999,1.1183333333333334,0.7433333333333333,6,6.2146100984201915
HVB,2021,JULIO,RN,7.540090851494812,7.8244463307176035,13.38123694261786,0.2763333333333334,0.399,2.0196666666666663,0.2416666666666667,7,5.872120606372857
HVB,2021,AGOSTO,RN,7.559038776819682,7.8244463307176035,13.353187757089165,0.2356666666666667,0.1786666666666666,3.763666666666667,0.471,8,6.035483824866392
HVB,2021,SETIEMBRE,RN,7.551187392782086,7.8244463307176035,13.432287747264946,0.2426666666666666,0.266,0.3876666666666666,0.1853333333333333,9,5.902636065638071
HVB,2021,OCTUBRE,RN,7.536364471737702,7.8244463307176035,13.325823271977082,0.3366666666666666,0.3176666666666666,3.731333333333333,0.5553333333333333,10,5.7990956847589645
HVB,2021,NOVIEMBRE,RN,7.569928170972276,7.8244463307176035,13.606946459289867,0.21,0.217,10.665666666666668,1.273,11,5.929591802960826
HVB,2021,DICIEMBRE,RN,7.5755851643781735,7.8244463307176035,13.095744212252765,0.2563333333333333,0.3146666666666666,3.602,0.1943333333333333,12,5.631215366044333
HVB,2022,ENERO,RN,7.5857893293461185,7.849324208056085,13.435831612107915,0.2376666666666667,0.248,20.75133333333333,1.7856666666666667,1,5.746206385423228
HVB,2022,FEBRERO,RN,7.5973968219688155,7.849324208056085,13.721919400893377,0.1726666666666666,0.178,0.2566666666666666,0.6346666666666666,2,5.433726370356932
HVB,2022,MARZO,RN,7.614312639791789,7.849324208056085,13.572757237030647,0.162,0.2793333333333334,11.613333333333332,0.5706666666666667,3,6.850127225466974
HVB,2022,ABRIL,RN,7.6216854884404555,7.849324208056085,13.525928015429363,0.1636666666666666,0.2136666666666666,12.2,0.5693333333333334,4,6.706863559095887
HVB,2022,MAYO,RN,7.607878569802714,7.849324208056085,13.541352622047773,0.25,0.126,10.295333333333334,0.518,5,6.793467253655614
HVB,2022,JUNIO,RN,7.609367033739909,7.849324208056085,13.472477849832977,0.206,0.4653333333333333,0.8066666666666666,0.2056666666666666,6,6.7557700861279315
HVB,2022,JULIO,RN,7.614805857807599,7.849324208056085,13.914502135826906,0.1846666666666666,0.3396666666666667,4.626,0.2803333333333334,7,6.708085304853545
HVB,2022,AGOSTO,RN,7.5616422656094455,7.849324208056085,13.56599351470442,0.2076666666666666,0.4006666666666666,6.354333333333333,0.1223333333333333,8,6.704415580453552
HVB,2022,SETIEMBRE,RN,7.6088711252228824,7.849324208056085,13.45041742457264,0.2516666666666666,0.37,6.698666666666667,0.3256666666666667,9,6.7534390854582425
HVB,2022,OCTUBRE,RN,7.69802962399321,7.849324208056085,13.202833072674917,0.2376666666666666,0.2963333333333333,5.5376666666666665,0.731,10,6.646391813548185
HVB,2022,NOVIEMBRE,RN,7.69802962399321,7.849324208056085,13.42660753963045,0.231,0.1476666666666666,21.543666666666667,0.1616666666666666,11,6.664410295859798
HVB,2022,DICIEMBRE,RN,7.69802962399321,7.849324208056085,13.812403737792614,0.2063333333333333,0.158,18.31433333333333,0.183,12,6.664410295859798
INFLUENZA,2019,MARZO,2_ANIOS,7.586804042261844,8.646465702867285,13.818721398693722,0.293,0.135,3.0425,0.5885,3,2.8904273119085677
INFLUENZA,2019,ABRIL,2_ANIOS,7.586804042261844,8.646465702867285,13.814006428328238,0.1445,0.597,0.877,0.313,4,2.4849899796493045
INFLUENZA,2019,MAYO,2_ANIOS,7.531552917312826,8.646465702867285,13.845190713036441,0.2259999999999999,0.3545,20.504,0.282,5,2.3979861777572986
INFLUENZA,2019,JUNIO,2_ANIOS,7.535830996416155,8.646465702867285,14.026689215363136,0.186,0.438,2.0895,0.2175,6,3.970310781298653
INFLUENZA,2019,JULIO,2_ANIOS,7.586804042261844,8.646465702867285,14.11715470617171,0.292,0.3685,14.760000000000002,0.212,7,5.342339036642359
INFLUENZA,2019,AGOSTO,2_ANIOS,7.531552917312826,8.646465702867285,15.110246766887665,0.19,0.4795,3.29,0.1674999999999999,8,4.663448528029832
INFLUENZA,2019,SETIEMBRE,2_ANIOS,7.542213993415956,8.646465702867285,11.359774297131064,0.136,0.494,25.7535,0.186,9,4.927260931507761
INFLUENZA,2019,OCTUBRE,2_ANIOS,7.586804042261844,8.646465702867285,13.33637415319192,0.243,0.3379999999999999,11.2205,0.247,10,5.170489676840192
INFLUENZA,2019,NOVIEMBRE,2_ANIOS,7.534763191225429,8.646465702867285,14.410929137244716,0.1755,0.405,8.0945,0.21,11,6.580640524246539
INFLUENZA,2019,DICIEMBRE,2_ANIOS,7.535830996416155,8.646465702867285,14.485051286360488,0.197,0.435,19.6735,0.2115,12,6.629364574440539
INFLUENZA,2020,ENERO,2_ANIOS,8.039802666109095,7.797702446194224,13.564341691802975,0.1833333333333333,0.423,3.4973333333333336,0.2063333333333333,1,4.9836134709999484
INFLUENZA,2020,FEBRERO,2_ANIOS,8.047509830879003,7.797702446194224,13.543441959696858,0.2273333333333333,0.3796666666666666,8.130333333333335,0.182,2,4.718507799826663
INFLUENZA,2020,MARZO,2_ANIOS,8.052615137084135,7.797702446194224,13.529608235484199,0.225,0.257,3.4586666666666672,0.7223333333333333,3,5.958427277005772
INFLUENZA,2020,ABRIL,2_ANIOS,8.046869831061958,7.797702446194224,13.611128652361893,0.3093333333333333,0.4043333333333334,0.0,0.0,4,5.6094754581819135
INFLUENZA,2020,MAYO,2_ANIOS,8.08209358720182,7.797702446194224,13.47400990140351,0.4943333333333333,0.1786666666666666,0.0,0.0,5,5.743006392932551
INFLUENZA,2020,JUNIO,2_ANIOS,8.087025778170728,7.797702446194224,13.485369041380835,0.4826666666666666,0.1493333333333333,0.0,0.0,6,2.7726512202867375
INFLUENZA,2020,JULIO,2_ANIOS,8.039802666109095,7.797702446194224,13.597682853715673,0.4073333333333333,0.2506666666666666,0.0,0.0,7,4.127150513947278
INFLUENZA,2020,AGOSTO,2_ANIOS,8.151333626251025,7.797702446194224,13.494858914580224,0.4393333333333333,0.1376666666666667,0.0,0.0,8,5.198502556112442
INFLUENZA,2020,SETIEMBRE,2_ANIOS,8.151333626251025,7.797702446194224,13.527345703658753,0.2726666666666666,0.359,18.492,0.5363333333333333,9,6.159097502654603
INFLUENZA,2020,OCTUBRE,2_ANIOS,8.195885667100749,7.797702446194224,13.663237781605368,0.2776666666666667,0.2486666666666666,2.4446666666666665,0.3476666666666666,10,6.552509313567096
INFLUENZA,2020,NOVIEMBRE,2_ANIOS,8.182000415935423,7.797702446194224,14.114358065058244,0.1949999999999999,0.2703333333333333,0.3736666666666666,0.257,11,7.452982909175437
INFLUENZA,2020,DICIEMBRE,2_ANIOS,8.195885667100749,7.797702446194224,11.991120459441266,0.243,0.3193333333333333,0.8016666666666667,0.2873333333333333,12,7.443664268252927
INFLUENZA,2021,ENERO,2_ANIOS,8.195333943101021,7.8244463307176035,13.619871517025796,0.2656666666666666,0.1993333333333333,1.514,0.1913333333333333,1,7.344073496985268
INFLUENZA,2021,FEBRERO,2_ANIOS,8.194229581062872,7.8244463307176035,13.425600836558248,0.1969999999999999,0.1793333333333333,0.2523333333333333,0.5203333333333333,2,6.338595844986075
INFLUENZA,2021,MARZO,2_ANIOS,8.20193462531699,7.8244463307176035,14.054323501416484,0.2766666666666666,0.2726666666666666,0.4446666666666667,1.0446666666666666,3,5.934896841118734
INFLUENZA,2021,ABRIL,2_ANIOS,8.24012156192868,7.8244463307176035,12.499741763553693,0.194,0.118,9.826666666666666,0.4656666666666667,4,5.717030990874496
INFLUENZA,2021,MAYO,2_ANIOS,8.226306255538212,7.8244463307176035,13.450264704204997,0.2386666666666666,0.2633333333333333,0.322,0.205,5,5.241752306050936
INFLUENZA,2021,JUNIO,2_ANIOS,8.231642446072364,7.8244463307176035,13.4532457354388,0.204,0.3979999999999999,1.1183333333333334,0.7433333333333333,6,4.1588987082376025
INFLUENZA,2021,JULIO,2_ANIOS,8.233237766380048,7.8244463307176035,13.38123694261786,0.2763333333333334,0.399,2.0196666666666663,0.2416666666666667,7,5.463836042304768
INFLUENZA,2021,AGOSTO,2_ANIOS,8.252185696691512,7.8244463307176035,13.353187757089165,0.2356666666666667,0.1786666666666666,3.763666666666667,0.471,8,6.309920096406682
INFLUENZA,2021,SETIEMBRE,2_ANIOS,8.244334310599097,7.8244463307176035,13.432287747264946,0.2426666666666666,0.266,0.3876666666666666,0.1853333333333333,9,6.453626573694601
INFLUENZA,2021,OCTUBRE,2_ANIOS,8.229511385631088,7.8244463307176035,13.325823271977082,0.3366666666666666,0.3176666666666666,3.731333333333333,0.5553333333333333,10,6.327938569441886
INFLUENZA,2021,NOVIEMBRE,2_ANIOS,8.263075093667442,7.8244463307176035,13.606946459289867,0.21,0.217,10.665666666666668,1.273,11,6.444132846524296
INFLUENZA,2021,DICIEMBRE,2_ANIOS,8.268732088527962,7.8244463307176035,13.095744212252765,0.2563333333333333,0.3146666666666666,3.602,0.1943333333333333,12,6.411819909744674
INFLUENZA,2022,ENERO,2_ANIOS,8.278936256099055,7.849324208056085,13.435831612107915,0.2376666666666667,0.248,20.75133333333333,1.7856666666666667,1,6.481578660668826
INFLUENZA,2022,FEBRERO,2_ANIOS,8.290543751650782,7.849324208056085,13.721919400893377,0.1726666666666666,0.178,0.2566666666666666,0.6346666666666666,2,6.306277111763869
INFLUENZA,2022,MARZO,2_ANIOS,8.30745957368187,7.849324208056085,13.572757237030647,0.162,0.2793333333333334,11.613333333333332,0.5706666666666667,3,6.641183475222768
INFLUENZA,2022,ABRIL,2_ANIOS,8.314832424142509,7.849324208056085,13.525928015429363,0.1636666666666666,0.2136666666666666,12.2,0.5693333333333334,4,6.569482822937856
INFLUENZA,2022,MAYO,2_ANIOS,8.301025502100588,7.849324208056085,13.541352622047773,0.25,0.126,10.295333333333334,0.518,5,6.487685540553468
INFLUENZA,2022,JUNIO,2_ANIOS,8.302513966407037,7.849324208056085,13.472477849832977,0.206,0.4653333333333333,0.8066666666666666,0.2056666666666666,6,3.4657671523114555
INFLUENZA,2022,JULIO,2_ANIOS,8.307952791819313,7.849324208056085,13.914502135826906,0.1846666666666666,0.3396666666666667,4.626,0.2803333333333334,7,6.548220535426102
INFLUENZA,2022,AGOSTO,2_ANIOS,8.254789186159092,7.849324208056085,13.56599351470442,0.2076666666666666,0.4006666666666666,6.354333333333333,0.1223333333333333,8,6.473892239560961
INFLUENZA,2022,SETIEMBRE,2_ANIOS,8.302018057767047,7.849324208056085,13.45041742457264,0.2516666666666666,0.37,6.698666666666667,0.3256666666666667,9,6.505785554895422
INFLUENZA,2022,OCTUBRE,2_ANIOS,8.39117657769298,7.849324208056085,13.202833072674917,0.2376666666666666,0.2963333333333333,5.5376666666666665,0.731,10,6.5467868454797244
INFLUENZA,2022,NOVIEMBRE,2_ANIOS,8.39117657769298,7.849324208056085,13.42660753963045,0.231,0.1476666666666666,21.543666666666667,0.1616666666666666,11,6.4297210909410625
INFLUENZA,2022,DICIEMBRE,2_ANIOS,8.39117657769298,7.849324208056085,13.812403737792614,0.2063333333333333,0.158,18.31433333333333,0.183,12,6.603945179613104
NEUMO,2019,MARZO,1_ANIO,6.893657368800904,8.646465702867285,13.818721398693722,0.293,0.135,3.0425,0.5885,3,5.62762471080647
NEUMO,2019,ABRIL,1_ANIO,6.893657368800904,8.646465702867285,13.814006428328238,0.1445,0.597,0.877,0.313,4,5.342339036642359
NEUMO,2019,MAYO,1_ANIO,6.838406272658131,8.646465702867285,13.845190713036441,0.2259999999999999,0.3545,20.504,0.282,5,5.204012181567196
NEUMO,2019,JUNIO,1_ANIO,6.8426843494737115,8.646465702867285,14.026689215363136,0.186,0.438,2.0895,0.2175,6,5.521464917854247
NEUMO,2019,JULIO,1_ANIO,6.893657368800904,8.646465702867285,14.11715470617171,0.292,0.3685,14.760000000000002,0.212,7,5.361296860534085
NEUMO,2019,AGOSTO,1_ANIO,6.838406272658131,8.646465702867285,15.110246766887665,0.19,0.4795,3.29,0.1674999999999999,8,5.262695370238613
NEUMO,2019,SETIEMBRE,1_ANIO,6.849067343078282,8.646465702867285,11.359774297131064,0.136,0.494,25.7535,0.186,9,5.087602508052838
NEUMO,2019,OCTUBRE,1_ANIO,6.893657368800904,8.646465702867285,13.33637415319192,0.243,0.3379999999999999,11.2205,0.247,10,4.7791318964375655
NEUMO,2019,NOVIEMBRE,1_ANIO,6.84161654485309,8.646465702867285,14.410929137244716,0.1755,0.405,8.0945,0.21,11,5.789963228996553
NEUMO,2019,DICIEMBRE,1_ANIO,6.8426843494737115,8.646465702867285,14.485051286360488,0.197,0.435,19.6735,0.2115,12,5.590990711847179
NEUMO,2020,ENERO,1_ANIO,7.346655807921657,7.797702446194224,13.564341691802975,0.1833333333333333,0.423,3.4973333333333336,0.2063333333333333,1,5.323014857175291
NEUMO,2020,FEBRERO,1_ANIO,7.354362970216537,7.797702446194224,13.543441959696858,0.2273333333333333,0.3796666666666666,8.130333333333335,0.182,2,5.3181248957929865
NEUMO,2020,MARZO,1_ANIO,7.359468274792656,7.797702446194224,13.529608235484199,0.225,0.257,3.4586666666666672,0.7223333333333333,3,6.320770092810116
NEUMO,2020,ABRIL,1_ANIO,7.3537229706042915,7.797702446194224,13.611128652361893,0.3093333333333333,0.4043333333333334,0.0,0.0,4,6.338595844986075
NEUMO,2020,MAYO,1_ANIO,7.3889467156652175,7.797702446194224,13.47400990140351,0.4943333333333333,0.1786666666666666,0.0,0.0,5,5.863634016503153
NEUMO,2020,JUNIO,1_ANIO,7.393878905113717,7.797702446194224,13.485369041380835,0.4826666666666666,0.1493333333333333,0.0,0.0,6,4.2047075446527185
NEUMO,2020,JULIO,1_ANIO,7.346655807921657,7.797702446194224,13.597682853715673,0.4073333333333333,0.2506666666666666,0.0,0.0,7,4.54330542051129
NEUMO,2020,AGOSTO,1_ANIO,7.45818673404159,7.797702446194224,13.494858914580224,0.4393333333333333,0.1376666666666667,0.0,0.0,8,5.402681886366639
NEUMO,2020,SETIEMBRE,1_ANIO,7.45818673404159,7.797702446194224,13.527345703658753,0.2726666666666666,0.359,18.492,0.5363333333333333,9,6.473892239560961
NEUMO,2020,OCTUBRE,1_ANIO,7.502738762326679,7.797702446194224,13.663237781605368,0.2776666666666667,0.2486666666666666,2.4446666666666665,0.3476666666666666,10,6.4520505317230485
NEUMO,2020,NOVIEMBRE,1_ANIO,7.48885351501742,7.797702446194224,14.114358065058244,0.1949999999999999,0.2703333333333333,0.3736666666666666,0.257,11,6.833032810371827
NEUMO,2020,DICIEMBRE,1_ANIO,7.502738762326679,7.797702446194224,11.991120459441266,0.243,0.3193333333333333,0.8016666666666667,0.2873333333333333,12,6.814543994954197
NEUMO,2021,ENERO,1_ANIO,7.5021870384791525,7.8244463307176035,13.619871517025796,0.2656666666666666,0.1993333333333333,1.514,0.1913333333333333,1,6.734592849032883
NEUMO,2021,FEBRERO,1_ANIO,7.501082676745907,7.8244463307176035,13.425600836558248,0.1969999999999999,0.1793333333333333,0.2523333333333333,0.5203333333333333,2,6.326151262062265
NEUMO,2021,MARZO,1_ANIO,7.5087877188797405,7.8244463307176035,14.054323501416484,0.2766666666666666,0.2726666666666666,0.4446666666666667,1.0446666666666666,3,6.240277794486609
NEUMO,2021,ABRIL,1_ANIO,7.546974645220873,7.8244463307176035,12.499741763553693,0.194,0.118,9.826666666666666,0.4656666666666667,4,6.2265386455700975
NEUMO,2021,MAYO,1_ANIO,7.533159342500898,7.8244463307176035,13.450264704204997,0.2386666666666666,0.2633333333333333,0.322,0.205,5,6.363029827676909
NEUMO,2021,JUNIO,1_ANIO,7.538495531611301,7.8244463307176035,13.4532457354388,0.204,0.3979999999999999,1.1183333333333334,0.7433333333333333,6,6.298951085089547
NEUMO,2021,JULIO,1_ANIO,7.540090851494812,7.8244463307176035,13.38123694261786,0.2763333333333334,0.399,2.0196666666666663,0.2416666666666667,7,6.349140739630018
NEUMO,2021,AGOSTO,1_ANIO,7.559038776819682,7.8244463307176035,13.353187757089165,0.2356666666666667,0.1786666666666666,3.763666666666667,0.471,8,6.342123179282982
NEUMO,2021,SETIEMBRE,1_ANIO,7.551187392782086,7.8244463307176035,13.432287747264946,0.2426666666666666,0.266,0.3876666666666666,0.1853333333333333,9,6.1964461644523245
NEUMO,2021,OCTUBRE,1_ANIO,7.536364471737702,7.8244463307176035,13.325823271977082,0.3366666666666666,0.3176666666666666,3.731333333333333,0.5553333333333333,10,6.428106888192176
NEUMO,2021,NOVIEMBRE,1_ANIO,7.569928170972276,7.8244463307176035,13.606946459289867,0.21,0.217,10.665666666666668,1.273,11,6.391918788433075
NEUMO,2021,DICIEMBRE,1_ANIO,7.5755851643781735,7.8244463307176035,13.095744212252765,0.2563333333333333,0.3146666666666666,3.602,0.1943333333333333,12,6.016159598719769
NEUMO,2022,ENERO,1_ANIO,7.5857893293461185,7.849324208056085,13.435831612107915,0.2376666666666667,0.248,20.75133333333333,1.7856666666666667,1,6.298951085089547
NEUMO,2022,FEBRERO,1_ANIO,7.5973968219688155,7.849324208056085,13.721919400893377,0.1726666666666666,0.178,0.2566666666666666,0.6346666666666666,2,5.7960607902744306
NEUMO,2022,MARZO,1_ANIO,7.614312639791789,7.849324208056085,13.572757237030647,0.162,0.2793333333333334,11.613333333333332,0.5706666666666667,3,6.267202446072769
NEUMO,2022,ABRIL,1_ANIO,7.6216854884404555,7.849324208056085,13.525928015429363,0.1636666666666666,0.2136666666666666,12.2,0.5693333333333334,4,6.450472001921759
NEUMO,2022,MAYO,1_ANIO,7.607878569802714,7.849324208056085,13.541352622047773,0.25,0.126,10.295333333333334,0.518,5,6.405230110922037
NEUMO,2022,JUNIO,1_ANIO,7.609367033739909,7.849324208056085,13.472477849832977,0.206,0.4653333333333333,0.8066666666666666,0.2056666666666666,6,6.391918788433075
NEUMO,2022,JULIO,1_ANIO,7.614805857807599,7.849324208056085,13.914502135826906,0.1846666666666666,0.3396666666666667,4.626,0.2803333333333334,7,6.385196085336944
NEUMO,2022,AGOSTO,1_ANIO,7.5616422656094455,7.849324208056085,13.56599351470442,0.2076666666666666,0.4006666666666666,6.354333333333333,0.1223333333333333,8,6.327938569441886
NEUMO,2022,SETIEMBRE,1_ANIO,7.6088711252228824,7.849324208056085,13.45041742457264,0.2516666666666666,0.37,6.698666666666667,0.3256666666666667,9,6.289717426194846
NEUMO,2022,OCTUBRE,1_ANIO,7.69802962399321,7.849324208056085,13.202833072674917,0.2376666666666666,0.2963333333333333,5.5376666666666665,0.731,10,6.3868810028629115
NEUMO,2022,NOVIEMBRE,1_ANIO,7.69802962399321,7.849324208056085,13.42660753963045,0.231,0.1476666666666666,21.543666666666667,0.1616666666666666,11,6.464589861321147
NEUMO,2022,DICIEMBRE,1_ANIO,7.69802962399321,7.849324208056085,13.812403737792614,0.2063333333333333,0.158,18.31433333333333,0.183,12,6.576470961804914
PENTA,2019,MARZO,<1_ANIO,6.893657368800904,8.646465702867285,13.818721398693722,0.293,0.135,3.0425,0.5885,3,5.4553253888528435
PENTA,2019,ABRIL,<1_ANIO,6.893657368800904,8.646465702867285,13.814006428328238,0.1445,0.597,0.877,0.313,4,5.257500580347552
PENTA,2019,MAYO,<1_ANIO,6.838406272658131,8.646465702867285,13.845190713036441,0.2259999999999999,0.3545,20.504,0.282,5,5.590990711847179
PENTA,2019,JUNIO,<1_ANIO,6.8426843494737115,8.646465702867285,14.026689215363136,0.186,0.438,2.0895,0.2175,6,5.529433055757518
PENTA,2019,JULIO,<1_ANIO,6.893657368800904,8.646465702867285,14.11715470617171,0.292,0.3685,14.760000000000002,0.212,7,5.572157834451905
PENTA,2019,AGOSTO,<1_ANIO,6.838406272658131,8.646465702867285,15.110246766887665,0.19,0.4795,3.29,0.1674999999999999,8,5.583500068173128
PENTA,2019,SETIEMBRE,<1_ANIO,6.849067343078282,8.646465702867285,11.359774297131064,0.136,0.494,25.7535,0.186,9,5.613131756016447
PENTA,2019,OCTUBRE,<1_ANIO,6.893657368800904,8.646465702867285,13.33637415319192,0.243,0.3379999999999999,11.2205,0.247,10,5.370642679279637
PENTA,2019,NOVIEMBRE,<1_ANIO,6.84161654485309,8.646465702867285,14.410929137244716,0.1755,0.405,8.0945,0.21,11,5.863634016503153
PENTA,2019,DICIEMBRE,<1_ANIO,6.8426843494737115,8.646465702867285,14.485051286360488,0.197,0.435,19.6735,0.2115,12,5.579733599564007
PENTA,2020,ENERO,<1_ANIO,7.346655807921657,7.797702446194224,13.564341691802975,0.1833333333333333,0.423,3.4973333333333336,0.2063333333333333,1,5.6094754581819135
PENTA,2020,FEBRERO,<1_ANIO,7.354362970216537,7.797702446194224,13.543441959696858,0.2273333333333333,0.3796666666666666,8.130333333333335,0.182,2,5.389076296016121
PENTA,2020,MARZO,<1_ANIO,7.359468274792656,7.797702446194224,13.529608235484199,0.225,0.257,3.4586666666666672,0.7223333333333333,3,6.484636762351644
PENTA,2020,ABRIL,<1_ANIO,7.3537229706042915,7.797702446194224,13.611128652361893,0.3093333333333333,0.4043333333333334,0.0,0.0,4,6.395263267563138
PENTA,2020,MAYO,<1_ANIO,7.3889467156652175,7.797702446194224,13.47400990140351,0.4943333333333333,0.1786666666666666,0.0,0.0,5,6.0137176010275875
PENTA,2020,JUNIO,<1_ANIO,7.393878905113717,7.797702446194224,13.485369041380835,0.4826666666666666,0.1493333333333333,0.0,0.0,6,3.9120430052281487
PENTA,2020,JULIO,<1_ANIO,7.346655807921657,7.797702446194224,13.597682853715673,0.4073333333333333,0.2506666666666666,0.0,0.0,7,4.634738696920371
PENTA,2020,AGOSTO,<1_ANIO,7.45818673404159,7.797702446194224,13.494858914580224,0.4393333333333333,0.1376666666666667,0.0,0.0,8,5.493065558558419
PENTA,2020,SETIEMBRE,<1_ANIO,7.45818673404159,7.797702446194224,13.527345703658753,0.2726666666666666,0.359,18.492,0.5363333333333333,9,6.230483416080482
PENTA,2020,OCTUBRE,<1_ANIO,7.502738762326679,7.797702446194224,13.663237781605368,0.2776666666666667,0.2486666666666666,2.4446666666666665,0.3476666666666666,10,6.265303113876587
PENTA,2020,NOVIEMBRE,<1_ANIO,7.48885351501742,7.797702446194224,14.114358065058244,0.1949999999999999,0.2703333333333333,0.3736666666666666,0.257,11,6.487685540553468
PENTA,2020,DICIEMBRE,<1_ANIO,7.502738762326679,7.797702446194224,11.991120459441266,0.243,0.3193333333333333,0.8016666666666667,0.2873333333333333,12,6.610697390611874
PENTA,2021,ENERO,<1_ANIO,7.5021870384791525,7.8244463307176035,13.619871517025796,0.2656666666666666,0.1993333333333333,1.514,0.1913333333333333,1,6.794587700696701
PENTA,2021,FEBRERO,<1_ANIO,7.501082676745907,7.8244463307176035,13.425600836558248,0.1969999999999999,0.1793333333333333,0.2523333333333333,0.5203333333333333,2,6.5467868454797244
PENTA,2021,MARZO,<1_ANIO,7.5087877188797405,7.8244463307176035,14.054323501416484,0.2766666666666666,0.2726666666666666,0.4446666666666667,1.0446666666666666,3,6.563856936968368
PENTA,2021,ABRIL,<1_ANIO,7.546974645220873,7.8244463307176035,12.499741763553693,0.194,0.118,9.826666666666666,0.4656666666666667,4,6.466146279446363
PENTA,2021,MAYO,<1_ANIO,7.533159342500898,7.8244463307176035,13.450264704204997,0.2386666666666666,0.2633333333333333,0.322,0.205,5,6.598510391011407
PENTA,2021,JUNIO,<1_ANIO,7.538495531611301,7.8244463307176035,13.4532457354388,0.204,0.3979999999999999,1.1183333333333334,0.7433333333333333,6,6.385196085336944
PENTA,2021,JULIO,<1_ANIO,7.540090851494812,7.8244463307176035,13.38123694261786,0.2763333333333334,0.399,2.0196666666666663,0.2416666666666667,7,6.4085304385046
PENTA,2021,AGOSTO,<1_ANIO,7.559038776819682,7.8244463307176035,13.353187757089165,0.2356666666666667,0.1786666666666666,3.763666666666667,0.471,8,6.3225670352578085
PENTA,2021,SETIEMBRE,<1_ANIO,7.551187392782086,7.8244463307176035,13.432287747264946,0.2426666666666666,0.266,0.3876666666666666,0.1853333333333333,9,6.418366567256251
PENTA,2021,OCTUBRE,<1_ANIO,7.536364471737702,7.8244463307176035,13.325823271977082,0.3366666666666666,0.3176666666666666,3.731333333333333,0.5553333333333333,10,6.398596598427334
PENTA,2021,NOVIEMBRE,<1_ANIO,7.569928170972276,7.8244463307176035,13.606946459289867,0.21,0.217,10.665666666666668,1.273,11,6.5581992212509785
PENTA,2021,DICIEMBRE,<1_ANIO,7.5755851643781735,7.8244463307176035,13.095744212252765,0.2563333333333333,0.3146666666666666,3.602,0.1943333333333333,12,6.291570991408457
PENTA,2022,ENERO,<1_ANIO,7.5857893293461185,7.849324208056085,13.435831612107915,0.2376666666666667,0.248,20.75133333333333,1.7856666666666667,1,6.463031016981856
PENTA,2022,FEBRERO,<1_ANIO,7.5973968219688155,7.849324208056085,13.721919400893377,0.1726666666666666,0.178,0.2566666666666666,0.6346666666666666,2,6.086776999636997
PENTA,2022,MARZO,<1_ANIO,7.614312639791789,7.849324208056085,13.572757237030647,0.162,0.2793333333333334,11.613333333333332,0.5706666666666667,3,6.545351097114997
PENTA,2022,ABRIL,<1_ANIO,7.6216854884404555,7.849324208056085,13.525928015429363,0.1636666666666666,0.2136666666666666,12.2,0.5693333333333334,4,6.552509313567096
PENTA,2022,MAYO,<1_ANIO,7.607878569802714,7.849324208056085,13.541352622047773,0.25,0.126,10.295333333333334,0.518,5,6.618740318629813
PENTA,2022,JUNIO,<1_ANIO,7.609367033739909,7.849324208056085,13.472477849832977,0.206,0.4653333333333333,0.8066666666666666,0.2056666666666666,6,6.572283941294428
PENTA,2022,JULIO,<1_ANIO,7.614805857807599,7.849324208056085,13.914502135826906,0.1846666666666666,0.3396666666666667,4.626,0.2803333333333334,7,6.53379029142066
PENTA,2022,AGOSTO,<1_ANIO,7.5616422656094455,7.849324208056085,13.56599351470442,0.2076666666666666,0.4006666666666666,6.354333333333333,0.1223333333333333,8,6.4520505317230485
PENTA,2022,SETIEMBRE,<1_ANIO,7.6088711252228824,7.849324208056085,13.45041742457264,0.2516666666666666,0.37,6.698666666666667,0.3256666666666667,9,6.505785554895422
PENTA,2022,OCTUBRE,<1_ANIO,7.69802962399321,7.849324208056085,13.202833072674917,0.2376666666666666,0.2963333333333333,5.5376666666666665,0.731,10,6.532335747825366
PENTA,2022,NOVIEMBRE,<1_ANIO,7.69802962399321,7.849324208056085,13.42660753963045,0.231,0.1476666666666666,21.543666666666667,0.1616666666666666,11,6.476973901350037
PENTA,2022,DICIEMBRE,<1_ANIO,7.69802962399321,7.849324208056085,13.812403737792614,0.2063333333333333,0.158,18.31433333333333,0.183,12,6.532335747825366
ROTA,2019,MARZO,<1_ANIO,6.893657368800904,8.646465702867285,13.818721398693722,0.293,0.135,3.0425,0.5885,3,5.6383582280462745
ROTA,2019,ABRIL,<1_ANIO,6.893657368800904,8.646465702867285,13.814006428328238,0.1445,0.597,0.877,0.313,4,5.616774734023596
ROTA,2019,MAYO,<1_ANIO,6.838406272658131,8.646465702867285,13.845190713036441,0.2259999999999999,0.3545,20.504,0.282,5,5.762054527429321
ROTA,2019,JUNIO,<1_ANIO,6.8426843494737115,8.646465702867285,14.026689215363136,0.186,0.438,2.0895,0.2175,6,5.777655419193096
ROTA,2019,JULIO,<1_ANIO,6.893657368800904,8.646465702867285,14.11715470617171,0.292,0.3685,14.760000000000002,0.212,7,5.774554651129648
ROTA,2019,AGOSTO,<1_ANIO,6.838406272658131,8.646465702867285,15.110246766887665,0.19,0.4795,3.29,0.1674999999999999,8,5.811143986984194
ROTA,2019,SETIEMBRE,<1_ANIO,6.849067343078282,8.646465702867285,11.359774297131064,0.136,0.494,25.7535,0.186,9,5.424954422758043
ROTA,2019,OCTUBRE,<1_ANIO,6.893657368800904,8.646465702867285,13.33637415319192,0.243,0.3379999999999999,11.2205,0.247,10,5.35659099164202
ROTA,2019,NOVIEMBRE,<1_ANIO,6.84161654485309,8.646465702867285,14.410929137244716,0.1755,0.405,8.0945,0.21,11,5.786900448846666
ROTA,2019,DICIEMBRE,<1_ANIO,6.8426843494737115,8.646465702867285,14.485051286360488,0.197,0.435,19.6735,0.2115,12,5.590990711847179
ROTA,2020,ENERO,<1_ANIO,7.346655807921657,7.797702446194224,13.564341691802975,0.1833333333333333,0.423,3.4973333333333336,0.2063333333333333,1,5.652492689034425
ROTA,2020,FEBRERO,<1_ANIO,7.354362970216537,7.797702446194224,13.543441959696858,0.2273333333333333,0.3796666666666666,8.130333333333335,0.182,2,5.583500068173128
ROTA,2020,MARZO,<1_ANIO,7.359468274792656,7.797702446194224,13.529608235484199,0.225,0.257,3.4586666666666672,0.7223333333333333,3,6.613385560660538
ROTA,2020,ABRIL,<1_ANIO,7.3537229706042915,7.797702446194224,13.611128652361893,0.3093333333333333,0.4043333333333334,0.0,0.0,4,6.453626573694601
ROTA,2020,MAYO,<1_ANIO,7.3889467156652175,7.797702446194224,13.47400990140351,0.4943333333333333,0.1786666666666666,0.0,0.0,5,6.035483824866392
ROTA,2020,JUNIO,<1_ANIO,7.393878905113717,7.797702446194224,13.485369041380835,0.4826666666666666,0.1493333333333333,0.0,0.0,6,4.219522410950329
ROTA,2020,JULIO,<1_ANIO,7.346655807921657,7.797702446194224,13.597682853715673,0.4073333333333333,0.2506666666666666,0.0,0.0,7,4.875204956759802
ROTA,2020,AGOSTO,<1_ANIO,7.45818673404159,7.797702446194224,13.494858914580224,0.4393333333333333,0.1376666666666667,0.0,0.0,8,5.749396170616558
ROTA,2020,SETIEMBRE,<1_ANIO,7.45818673404159,7.797702446194224,13.527345703658753,0.2726666666666666,0.359,18.492,0.5363333333333333,9,6.159097502654603
ROTA,2020,OCTUBRE,<1_ANIO,7.502738762326679,7.797702446194224,13.663237781605368,0.2776666666666667,0.2486666666666666,2.4446666666666665,0.3476666666666666,10,6.605299274127259
ROTA,2020,NOVIEMBRE,<1_ANIO,7.48885351501742,7.797702446194224,14.114358065058244,0.1949999999999999,0.2703333333333333,0.3736666666666666,0.257,11,6.848006336146925
ROTA,2020,DICIEMBRE,<1_ANIO,7.502738762326679,7.797702446194224,11.991120459441266,0.243,0.3193333333333333,0.8016666666666667,0.2873333333333333,12,6.632003094917819
ROTA,2021,ENERO,<1_ANIO,7.5021870384791525,7.8244463307176035,13.619871517025796,0.2656666666666666,0.1993333333333333,1.514,0.1913333333333333,1,6.576470961804914
ROTA,2021,FEBRERO,<1_ANIO,7.501082676745907,7.8244463307176035,13.425600836558248,0.1969999999999999,0.1793333333333333,0.2523333333333333,0.5203333333333333,2,6.51025982861728
ROTA,2021,MARZO,<1_ANIO,7.5087877188797405,7.8244463307176035,14.054323501416484,0.2766666666666666,0.2726666666666666,0.4446666666666667,1.0446666666666666,3,6.539587400703331
ROTA,2021,ABRIL,<1_ANIO,7.546974645220873,7.8244463307176035,12.499741763553693,0.194,0.118,9.826666666666666,0.4656666666666667,4,6.3868810028629115
ROTA,2021,MAYO,<1_ANIO,7.533159342500898,7.8244463307176035,13.450264704204997,0.2386666666666666,0.2633333333333333,0.322,0.205,5,6.559616653922834
ROTA,2021,JUNIO,<1_ANIO,7.538495531611301,7.8244463307176035,13.4532457354388,0.204,0.3979999999999999,1.1183333333333334,0.7433333333333333,6,6.396931321881424
ROTA,2021,JULIO,<1_ANIO,7.540090851494812,7.8244463307176035,13.38123694261786,0.2763333333333334,0.399,2.0196666666666663,0.2416666666666667,7,6.4297210909410625
ROTA,2021,AGOSTO,<1_ANIO,7.559038776819682,7.8244463307176035,13.353187757089165,0.2356666666666667,0.1786666666666666,3.763666666666667,0.471,8,6.4248706446496175
ROTA,2021,SETIEMBRE,<1_ANIO,7.551187392782086,7.8244463307176035,13.432287747264946,0.2426666666666666,0.266,0.3876666666666666,0.1853333333333333,9,6.639877141015224
ROTA,2021,OCTUBRE,<1_ANIO,7.536364471737702,7.8244463307176035,13.325823271977082,0.3366666666666666,0.3176666666666666,3.731333333333333,0.5553333333333333,10,6.651573165578556
ROTA,2021,NOVIEMBRE,<1_ANIO,7.569928170972276,7.8244463307176035,13.606946459289867,0.21,0.217,10.665666666666668,1.273,11,6.605299274127259
ROTA,2021,DICIEMBRE,<1_ANIO,7.5755851643781735,7.8244463307176035,13.095744212252765,0.2563333333333333,0.3146666666666666,3.602,0.1943333333333333,12,6.371613556632105
ROTA,2022,ENERO,<1_ANIO,7.5857893293461185,7.849324208056085,13.435831612107915,0.2376666666666667,0.248,20.75133333333333,1.7856666666666667,1,6.587551392234316
ROTA,2022,FEBRERO,<1_ANIO,7.5973968219688155,7.849324208056085,13.721919400893377,0.1726666666666666,0.178,0.2566666666666666,0.6346666666666666,2,6.086776999636997
ROTA,2022,MARZO,<1_ANIO,7.614312639791789,7.849324208056085,13.572757237030647,0.162,0.2793333333333334,11.613333333333332,0.5706666666666667,3,6.673299231989358
ROTA,2022,ABRIL,<1_ANIO,7.6216854884404555,7.849324208056085,13.525928015429363,0.1636666666666666,0.2136666666666666,12.2,0.5693333333333334,4,6.694563296144092
ROTA,2022,MAYO,<1_ANIO,7.607878569802714,7.849324208056085,13.541352622047773,0.25,0.126,10.295333333333334,0.518,5,6.6227376537361895
ROTA,2022,JUNIO,<1_ANIO,7.609367033739909,7.849324208056085,13.472477849832977,0.206,0.4653333333333333,0.8066666666666666,0.2056666666666666,6,6.274763904479337
ROTA,2022,JULIO,<1_ANIO,7.614805857807599,7.849324208056085,13.914502135826906,0.1846666666666666,0.3396666666666667,4.626,0.2803333333333334,7,6.781058761009315
ROTA,2022,AGOSTO,<1_ANIO,7.5616422656094455,7.849324208056085,13.56599351470442,0.2076666666666666,0.4006666666666666,6.354333333333333,0.1223333333333333,8,6.47234784009476
ROTA,2022,SETIEMBRE,<1_ANIO,7.6088711252228824,7.849324208056085,13.45041742457264,0.2516666666666666,0.37,6.698666666666667,0.3256666666666667,9,6.632003094917819
ROTA,2022,OCTUBRE,<1_ANIO,7.69802962399321,7.849324208056085,13.202833072674917,0.2376666666666666,0.2963333333333333,5.5376666666666665,0.731,10,6.599871859756129
ROTA,2022,NOVIEMBRE,<1_ANIO,7.69802962399321,7.849324208056085,13.42660753963045,0.231,0.1476666666666666,21.543666666666667,0.1616666666666666,11,6.597147066142201
ROTA,2022,DICIEMBRE,<1_ANIO,7.69802962399321,7.849324208056085,13.812403737792614,0.2063333333333333,0.158,18.31433333333333,0.183,12,6.629364574440539
SPR,2019,MARZO,1_ANIO,6.893657368800904,8.646465702867285,13.818721398693722,0.293,0.135,3.0425,0.5885,3,4.990439389476687
SPR,2019,ABRIL,1_ANIO,6.893657368800904,8.646465702867285,13.814006428328238,0.1445,0.597,0.877,0.313,4,5.170489676840192
SPR,2019,MAYO,1_ANIO,6.838406272658131,8.646465702867285,13.845190713036441,0.2259999999999999,0.3545,20.504,0.282,5,4.990439389476687
SPR,2019,JUNIO,1_ANIO,6.8426843494737115,8.646465702867285,14.026689215363136,0.186,0.438,2.0895,0.2175,6,5.204012181567196
SPR,2019,JULIO,1_ANIO,6.893657368800904,8.646465702867285,14.11715470617171,0.292,0.3685,14.760000000000002,0.212,7,5.075180065214296
SPR,2019,AGOSTO,1_ANIO,6.838406272658131,8.646465702867285,15.110246766887665,0.19,0.4795,3.29,0.1674999999999999,8,4.8040292414209755
SPR,2019,SETIEMBRE,1_ANIO,6.849067343078282,8.646465702867285,11.359774297131064,0.136,0.494,25.7535,0.186,9,4.770693099006027
SPR,2019,OCTUBRE,1_ANIO,6.893657368800904,8.646465702867285,13.33637415319192,0.243,0.3379999999999999,11.2205,0.247,10,4.2341209972458635
SPR,2019,NOVIEMBRE,1_ANIO,6.84161654485309,8.646465702867285,14.410929137244716,0.1755,0.405,8.0945,0.21,11,5.420539424041258
SPR,2019,DICIEMBRE,1_ANIO,6.8426843494737115,8.646465702867285,14.485051286360488,0.197,0.435,19.6735,0.2115,12,5.093756335757269
SPR,2020,ENERO,1_ANIO,7.346655807921657,7.797702446194224,13.564341691802975,0.1833333333333333,0.423,3.4973333333333336,0.2063333333333333,1,4.8903566469904804
SPR,2020,FEBRERO,1_ANIO,7.354362970216537,7.797702446194224,13.543441959696858,0.2273333333333333,0.3796666666666666,8.130333333333335,0.182,2,5.017286459309552
SPR,2020,MARZO,1_ANIO,7.359468274792656,7.797702446194224,13.529608235484199,0.225,0.257,3.4586666666666672,0.7223333333333333,3,5.891646974252895
SPR,2020,ABRIL,1_ANIO,7.3537229706042915,7.797702446194224,13.611128652361893,0.3093333333333333,0.4043333333333334,0.0,0.0,4,5.888880728412147
SPR,2020,MAYO,1_ANIO,7.3889467156652175,7.797702446194224,13.47400990140351,0.4943333333333333,0.1786666666666666,0.0,0.0,5,5.4553253888528435
SPR,2020,JUNIO,1_ANIO,7.393878905113717,7.797702446194224,13.485369041380835,0.4826666666666666,0.1493333333333333,0.0,0.0,6,3.4657671523114555
SPR,2020,JULIO,1_ANIO,7.346655807921657,7.797702446194224,13.597682853715673,0.4073333333333333,0.2506666666666666,0.0,0.0,7,3.970310781298653
SPR,2020,AGOSTO,1_ANIO,7.45818673404159,7.797702446194224,13.494858914580224,0.4393333333333333,0.1376666666666667,0.0,0.0,8,4.875204956759802
SPR,2020,SETIEMBRE,1_ANIO,7.45818673404159,7.797702446194224,13.527345703658753,0.2726666666666666,0.359,18.492,0.5363333333333333,9,5.793016657159984
SPR,2020,OCTUBRE,1_ANIO,7.502738762326679,7.797702446194224,13.663237781605368,0.2776666666666667,0.2486666666666666,2.4446666666666665,0.3476666666666666,10,5.968710117526852
SPR,2020,NOVIEMBRE,1_ANIO,7.48885351501742,7.797702446194224,14.114358065058244,0.1949999999999999,0.2703333333333333,0.3736666666666666,0.257,11,6.342123179282982
SPR,2020,DICIEMBRE,1_ANIO,7.502738762326679,7.797702446194224,11.991120459441266,0.243,0.3193333333333333,0.8016666666666667,0.2873333333333333,12,6.035483824866392
SPR,2021,ENERO,1_ANIO,7.5021870384791525,7.8244463307176035,13.619871517025796,0.2656666666666666,0.1993333333333333,1.514,0.1913333333333333,1,5.88332517399972
SPR,2021,FEBRERO,1_ANIO,7.501082676745907,7.8244463307176035,13.425600836558248,0.1969999999999999,0.1793333333333333,0.2523333333333333,0.5203333333333333,2,5.549079975938233
SPR,2021,MARZO,1_ANIO,7.5087877188797405,7.8244463307176035,14.054323501416484,0.2766666666666666,0.2726666666666666,0.4446666666666667,1.0446666666666666,3,5.73010302972155
SPR,2021,ABRIL,1_ANIO,7.546974645220873,7.8244463307176035,12.499741763553693,0.194,0.118,9.826666666666666,0.4656666666666667,4,5.683583168693441
SPR,2021,MAYO,1_ANIO,7.533159342500898,7.8244463307176035,13.450264704204997,0.2386666666666666,0.2633333333333333,0.322,0.205,5,5.953245931687008
SPR,2021,JUNIO,1_ANIO,7.538495531611301,7.8244463307176035,13.4532457354388,0.204,0.3979999999999999,1.1183333333333334,0.7433333333333333,6,5.739796127608148
SPR,2021,JULIO,1_ANIO,7.540090851494812,7.8244463307176035,13.38123694261786,0.2763333333333334,0.399,2.0196666666666663,0.2416666666666667,7,5.7990956847589645
SPR,2021,AGOSTO,1_ANIO,7.559038776819682,7.8244463307176035,13.353187757089165,0.2356666666666667,0.1786666666666666,3.763666666666667,0.471,8,5.680176021980526
SPR,2021,SETIEMBRE,1_ANIO,7.551187392782086,7.8244463307176035,13.432287747264946,0.2426666666666666,0.266,0.3876666666666666,0.1853333333333333,9,5.758904928446437
SPR,2021,OCTUBRE,1_ANIO,7.536364471737702,7.8244463307176035,13.325823271977082,0.3366666666666666,0.3176666666666666,3.731333333333333,0.5553333333333333,10,5.7651942375761696
SPR,2021,NOVIEMBRE,1_ANIO,7.569928170972276,7.8244463307176035,13.606946459289867,0.21,0.217,10.665666666666668,1.273,11,5.82008589770701
SPR,2021,DICIEMBRE,1_ANIO,7.5755851643781735,7.8244463307176035,13.095744212252765,0.2563333333333333,0.3146666666666666,3.602,0.1943333333333333,12,5.568348320547706
SPR,2022,ENERO,1_ANIO,7.5857893293461185,7.849324208056085,13.435831612107915,0.2376666666666667,0.248,20.75133333333333,1.7856666666666667,1,5.82008589770701
SPR,2022,FEBRERO,1_ANIO,7.5973968219688155,7.849324208056085,13.721919400893377,0.1726666666666666,0.178,0.2566666666666666,0.6346666666666666,2,5.257500580347552
SPR,2022,MARZO,1_ANIO,7.614312639791789,7.849324208056085,13.572757237030647,0.162,0.2793333333333334,11.613333333333332,0.5706666666666667,3,5.631215366044333
SPR,2022,ABRIL,1_ANIO,7.6216854884404555,7.849324208056085,13.525928015429363,0.1636666666666666,0.2136666666666666,12.2,0.5693333333333334,4,5.852205353333564
SPR,2022,MAYO,1_ANIO,7.607878569802714,7.849324208056085,13.541352622047773,0.25,0.126,10.295333333333334,0.518,5,5.846441665226958
SPR,2022,JUNIO,1_ANIO,7.609367033739909,7.849324208056085,13.472477849832977,0.206,0.4653333333333333,0.8066666666666666,0.2056666666666666,6,5.834813661034938
SPR,2022,JULIO,1_ANIO,7.614805857807599,7.849324208056085,13.914502135826906,0.1846666666666666,0.3396666666666667,4.626,0.2803333333333334,7,5.869299737988541
SPR,2022,AGOSTO,1_ANIO,7.5616422656094455,7.849324208056085,13.56599351470442,0.2076666666666666,0.4006666666666666,6.354333333333333,0.1223333333333333,8,5.583500068173128
SPR,2022,SETIEMBRE,1_ANIO,7.6088711252228824,7.849324208056085,13.45041742457264,0.2516666666666666,0.37,6.698666666666667,0.3256666666666667,9,5.645450431205899
SPR,2022,OCTUBRE,1_ANIO,7.69802962399321,7.849324208056085,13.202833072674917,0.2376666666666666,0.2963333333333333,5.5376666666666665,0.731,10,5.929591802960826
SPR,2022,NOVIEMBRE,1_ANIO,7.69802962399321,7.849324208056085,13.42660753963045,0.231,0.1476666666666666,21.543666666666667,0.1616666666666666,11,5.7365755232804405
SPR,2022,DICIEMBRE,1_ANIO,7.69802962399321,7.849324208056085,13.812403737792614,0.2063333333333333,0.158,18.31433333333333,0.183,12,5.953245931687008
VARI,2019,MARZO,1_ANIO,6.893657368800904,8.646465702867285,13.818721398693722,0.293,0.135,3.0425,0.5885,3,5.36598068790813
VARI,2019,ABRIL,1_ANIO,6.893657368800904,8.646465702867285,13.814006428328238,0.1445,0.597,0.877,0.313,4,5.814133516895238
VARI,2019,MAYO,1_ANIO,6.838406272658131,8.646465702867285,13.845190713036441,0.2259999999999999,0.3545,20.504,0.282,5,5.726851004910882
VARI,2019,JUNIO,1_ANIO,6.8426843494737115,8.646465702867285,14.026689215363136,0.186,0.438,2.0895,0.2175,6,5.866470889790474
VARI,2019,JULIO,1_ANIO,6.893657368800904,8.646465702867285,14.11715470617171,0.292,0.3685,14.760000000000002,0.212,7,5.7990956847589645
VARI,2019,AGOSTO,1_ANIO,6.838406272658131,8.646465702867285,15.110246766887665,0.19,0.4795,3.29,0.1674999999999999,8,5.545181350721933
VARI,2019,SETIEMBRE,1_ANIO,6.849067343078282,8.646465702867285,11.359774297131064,0.136,0.494,25.7535,0.186,9,5.204012181567196
VARI,2019,OCTUBRE,1_ANIO,6.893657368800904,8.646465702867285,13.33637415319192,0.243,0.3379999999999999,11.2205,0.247,10,5.023887099772003
VARI,2019,NOVIEMBRE,1_ANIO,6.84161654485309,8.646465702867285,14.410929137244716,0.1755,0.405,8.0945,0.21,11,5.631215366044333
VARI,2019,DICIEMBRE,1_ANIO,6.8426843494737115,8.646465702867285,14.485051286360488,0.197,0.435,19.6735,0.2115,12,5.605805742759827
VARI,2020,ENERO,1_ANIO,7.346655807921657,7.797702446194224,13.564341691802975,0.1833333333333333,0.423,3.4973333333333336,0.2063333333333333,1,5.370642679279637
VARI,2020,FEBRERO,1_ANIO,7.354362970216537,7.797702446194224,13.543441959696858,0.2273333333333333,0.3796666666666666,8.130333333333335,0.182,2,5.231113964433871
VARI,2020,MARZO,1_ANIO,7.359468274792656,7.797702446194224,13.529608235484199,0.225,0.257,3.4586666666666672,0.7223333333333333,3,6.018595647583299
VARI,2020,ABRIL,1_ANIO,7.3537229706042915,7.797702446194224,13.611128652361893,0.3093333333333333,0.4043333333333334,0.0,0.0,4,5.971264390807617
VARI,2020,MAYO,1_ANIO,7.3889467156652175,7.797702446194224,13.47400990140351,0.4943333333333333,0.1786666666666666,0.0,0.0,5,5.641910617031117
VARI,2020,JUNIO,1_ANIO,7.393878905113717,7.797702446194224,13.485369041380835,0.4826666666666666,0.1493333333333333,0.0,0.0,6,4.2047075446527185
VARI,2020,JULIO,1_ANIO,7.346655807921657,7.797702446194224,13.597682853715673,0.4073333333333333,0.2506666666666666,0.0,0.0,7,4.2047075446527185
VARI,2020,AGOSTO,1_ANIO,7.45818673404159,7.797702446194224,13.494858914580224,0.4393333333333333,0.1376666666666667,0.0,0.0,8,5.03695909589904
VARI,2020,SETIEMBRE,1_ANIO,7.45818673404159,7.797702446194224,13.527345703658753,0.2726666666666666,0.359,18.492,0.5363333333333333,9,6.025868389281334
VARI,2020,OCTUBRE,1_ANIO,7.502738762326679,7.797702446194224,13.663237781605368,0.2776666666666667,0.2486666666666666,2.4446666666666665,0.3476666666666666,10,6.244168842409424
VARI,2020,NOVIEMBRE,1_ANIO,7.48885351501742,7.797702446194224,14.114358065058244,0.1949999999999999,0.2703333333333333,0.3736666666666666,0.257,11,6.576470961804914
VARI,2020,DICIEMBRE,1_ANIO,7.502738762326679,7.797702446194224,11.991120459441266,0.243,0.3193333333333333,0.8016666666666667,0.2873333333333333,12,6.6605764302485975
VARI,2021,ENERO,1_ANIO,7.5021870384791525,7.8244463307176035,13.619871517025796,0.2656666666666666,0.1993333333333333,1.514,0.1913333333333333,1,6.444132846524296
VARI,2021,FEBRERO,1_ANIO,7.501082676745907,7.8244463307176035,13.425600836558248,0.1969999999999999,0.1793333333333333,0.2523333333333333,0.5203333333333333,2,6.09582681468194
VARI,2021,MARZO,1_ANIO,7.5087877188797405,7.8244463307176035,14.054323501416484,0.2766666666666666,0.2726666666666666,0.4446666666666667,1.0446666666666666,3,6.0845016909769045
VARI,2021,ABRIL,1_ANIO,7.546974645220873,7.8244463307176035,12.499741763553693,0.194,0.118,9.826666666666666,0.4656666666666667,4,6.093572027378931
VARI,2021,MAYO,1_ANIO,7.533159342500898,7.8244463307176035,13.450264704204997,0.2386666666666666,0.2633333333333333,0.322,0.205,5,6.259583376108984
VARI,2021,JUNIO,1_ANIO,7.538495531611301,7.8244463307176035,13.4532457354388,0.204,0.3979999999999999,1.1183333333333334,0.7433333333333333,6,6.198480749010567
VARI,2021,JULIO,1_ANIO,7.540090851494812,7.8244463307176035,13.38123694261786,0.2763333333333334,0.399,2.0196666666666663,0.2416666666666667,7,6.126871367517915
VARI,2021,AGOSTO,1_ANIO,7.559038776819682,7.8244463307176035,13.353187757089165,0.2356666666666667,0.1786666666666666,3.763666666666667,0.471,8,6.242225210978565
VARI,2021,SETIEMBRE,1_ANIO,7.551187392782086,7.8244463307176035,13.432287747264946,0.2426666666666666,0.266,0.3876666666666666,0.1853333333333333,9,6.320770092810116
VARI,2021,OCTUBRE,1_ANIO,7.536364471737702,7.8244463307176035,13.325823271977082,0.3366666666666666,0.3176666666666666,3.731333333333333,0.5553333333333333,10,6.361304204687221
VARI,2021,NOVIEMBRE,1_ANIO,7.569928170972276,7.8244463307176035,13.606946459289867,0.21,0.217,10.665666666666668,1.273,11,6.338595844986075
VARI,2021,DICIEMBRE,1_ANIO,7.5755851643781735,7.8244463307176035,13.095744212252765,0.2563333333333333,0.3146666666666666,3.602,0.1943333333333333,12,6.079935483422491
VARI,2022,ENERO,1_ANIO,7.5857893293461185,7.849324208056085,13.435831612107915,0.2376666666666667,0.248,20.75133333333333,1.7856666666666667,1,5.846441665226958
VARI,2022,FEBRERO,1_ANIO,7.5973968219688155,7.849324208056085,13.721919400893377,0.1726666666666666,0.178,0.2566666666666666,0.6346666666666666,2,5.342339036642359
VARI,2022,MARZO,1_ANIO,7.614312639791789,7.849324208056085,13.572757237030647,0.162,0.2793333333333334,11.613333333333332,0.5706666666666667,3,5.916204758021593
VARI,2022,ABRIL,1_ANIO,7.6216854884404555,7.849324208056085,13.525928015429363,0.1636666666666666,0.2136666666666666,12.2,0.5693333333333334,4,5.590990711847179
VARI,2022,MAYO,1_ANIO,7.607878569802714,7.849324208056085,13.541352622047773,0.25,0.126,10.295333333333334,0.518,5,5.303309883171078
VARI,2022,JUNIO,1_ANIO,7.609367033739909,7.849324208056085,13.472477849832977,0.206,0.4653333333333333,0.8066666666666666,0.2056666666666666,6,5.105951534488276
VARI,2022,JULIO,1_ANIO,7.614805857807599,7.849324208056085,13.914502135826906,0.1846666666666666,0.3396666666666667,4.626,0.2803333333333334,7,6.381817709452044
VARI,2022,AGOSTO,1_ANIO,7.5616422656094455,7.849324208056085,13.56599351470442,0.2076666666666666,0.4006666666666666,6.354333333333333,0.1223333333333333,8,6.293421127273609
VARI,2022,SETIEMBRE,1_ANIO,7.6088711252228824,7.849324208056085,13.45041742457264,0.2516666666666666,0.37,6.698666666666667,0.3256666666666667,9,5.968710117526852
VARI,2022,OCTUBRE,1_ANIO,7.69802962399321,7.849324208056085,13.202833072674917,0.2376666666666666,0.2963333333333333,5.5376666666666665,0.731,10,5.874933539836849
VARI,2022,NOVIEMBRE,1_ANIO,7.69802962399321,7.849324208056085,13.42660753963045,0.231,0.1476666666666666,21.543666666666667,0.1616666666666666,11,5.733344513138463
VARI,2022,DICIEMBRE,1_ANIO,7.69802962399321,7.849324208056085,13.812403737792614,0.2063333333333333,0.158,18.31433333333333,0.183,12,6.5132315945907315
