VACUNA,ANIO,MES,RANGO_EDAD,CANTIDAD DE PERSONAL,POBLACION,PRESUPUESTO,CANTIDAD,ALFABETISMO,AGUA_POTABLE,DEMORA_CITA_horas,DEMORA_TRASLADO_horas
AMA,2019,ABRIL,1_ANIO,986,5690,998497,238,0.14450000000000002,0.597,0.877,0.313
AMA,2019,AGOSTO,1_ANIO,933,5690,3650033,88,0.19,0.47950000000000004,3.2899999999999996,0.16749999999999998
AMA,2019,DICIEMBRE,1_ANIO,937,5690,1953340,160,0.197,0.43500000000000005,19.6735,0.21150000000000002
AMA,2019,ENERO,1_ANIO,924,5690,924269,221,0.1985,0.362,0.887,0.269
AMA,2019,FEBRERO,1_ANIO,871,5690,1000320,362,0.1965,0.106,6.9725,0.15
AMA,2019,JULIO,1_ANIO,986,5690,1352080,77,0.29200000000000004,0.3685,14.760000000000002,0.21200000000000002
AMA,2019,JUNIO,1_ANIO,937,5690,1235133,60,0.186,0.438,2.0895,0.21750000000000003
AMA,2019,MARZO,1_ANIO,986,5690,1003216,306,0.293,0.135,3.0425,0.5885
AMA,2019,MAYO,1_ANIO,933,5690,1030125,183,0.22599999999999998,0.35450000000000004,20.503999999999998,0.28200000000000003
AMA,2019,NOVIEMBRE,1_ANIO,936,5690,1813790,171,0.1755,0.405,8.0945,0.21
AMA,2019,OCTUBRE,1_ANIO,986,5690,619318,168,0.243,0.33799999999999997,11.2205,0.247
AMA,2019,SETIEMBRE,1_ANIO,943,5690,85800,276,0.136,0.494,25.7535,0.186
AMA,2020,ABRIL,1_ANIO,1562,2435,815151,17,0.30933333333333335,0.4043333333333334,0.0,0.0
AMA,2020,AGOSTO,1_ANIO,1734,2435,725676,414,0.43933333333333335,0.1376666666666667,0.0,0.0
AMA,2020,DICIEMBRE,1_ANIO,1813,2435,161316,510,0.243,0.3193333333333333,0.8016666666666667,0.28733333333333333
AMA,2020,ENERO,1_ANIO,1551,2435,777891,332,0.18333333333333335,0.42300000000000004,3.4973333333333336,0.20633333333333334
AMA,2020,FEBRERO,1_ANIO,1563,2435,761802,308,0.2273333333333333,0.37966666666666665,8.130333333333335,0.18200000000000002
AMA,2020,JULIO,1_ANIO,1551,2435,804264,325,0.4073333333333333,0.25066666666666665,0.0,0.0
AMA,2020,JUNIO,1_ANIO,1626,2435,718822,122,0.48266666666666663,0.14933333333333332,0.0,0.0
AMA,2020,MARZO,1_ANIO,1571,2435,751336,193,0.225,0.257,3.4586666666666672,0.7223333333333333
AMA,2020,MAYO,1_ANIO,1618,2435,710703,57,0.49433333333333335,0.17866666666666667,0.0,0.0
AMA,2020,NOVIEMBRE,1_ANIO,1788,2435,1348304,701,0.19499999999999998,0.27033333333333337,0.37366666666666665,0.257
AMA,2020,OCTUBRE,1_ANIO,1813,2435,858754,706,0.2776666666666667,0.24866666666666667,2.4446666666666665,0.3476666666666666
AMA,2020,SETIEMBRE,1_ANIO,1734,2435,749638,509,0.27266666666666667,0.359,18.492,0.5363333333333333
AMA,2021,ABRIL,1_ANIO,1895,2501,268268,381,0.19400000000000003,0.118,9.826666666666666,0.4656666666666667
AMA,2021,AGOSTO,1_ANIO,1918,2501,629819,422,0.2356666666666667,0.17866666666666667,3.763666666666667,0.47100000000000003
AMA,2021,DICIEMBRE,1_ANIO,1950,2501,486866,246,0.25633333333333336,0.31466666666666665,3.602,0.19433333333333333
AMA,2021,ENERO,1_ANIO,1812,2501,822309,438,0.26566666666666666,0.19933333333333333,1.514,0.19133333333333336
AMA,2021,FEBRERO,1_ANIO,1810,2501,677118,402,0.19699999999999998,0.17933333333333334,0.25233333333333335,0.5203333333333333
AMA,2021,JULIO,1_ANIO,1882,2501,647735,406,0.2763333333333334,0.399,2.0196666666666663,0.2416666666666667
AMA,2021,JUNIO,1_ANIO,1879,2501,696098,357,0.204,0.39799999999999996,1.1183333333333334,0.7433333333333333
AMA,2021,MARZO,1_ANIO,1824,2501,1269741,416,0.27666666666666667,0.27266666666666667,0.4446666666666667,1.0446666666666666
AMA,2021,MAYO,1_ANIO,1869,2501,694026,402,0.23866666666666667,0.26333333333333336,0.322,0.205
AMA,2021,NOVIEMBRE,1_ANIO,1939,2501,811749,318,0.21,0.217,10.665666666666668,1.273
AMA,2021,OCTUBRE,1_ANIO,1875,2501,612818,365,0.33666666666666667,0.31766666666666665,3.731333333333333,0.5553333333333333
AMA,2021,SETIEMBRE,1_ANIO,1903,2501,681661,481,0.24266666666666667,0.266,0.38766666666666666,0.18533333333333335
AMA,2022,ABRIL,1_ANIO,2042,2564,748576,403,0.16366666666666665,0.21366666666666667,12.200000000000001,0.5693333333333334
AMA,2022,AGOSTO,1_ANIO,1923,2564,779177,461,0.20766666666666667,0.40066666666666667,6.354333333333333,0.12233333333333334
AMA,2022,DICIEMBRE,1_ANIO,2204,2564,996898,317,0.20633333333333334,0.158,18.314333333333334,0.18300000000000002
AMA,2022,ENERO,1_ANIO,1970,2564,684081,321,0.2376666666666667,0.248,20.751333333333335,1.7856666666666667
AMA,2022,FEBRERO,1_ANIO,1993,2564,910655,361,0.17266666666666666,0.17800000000000002,0.25666666666666665,0.6346666666666666
AMA,2022,JULIO,1_ANIO,2028,2564,1104057,353,0.18466666666666667,0.33966666666666673,4.626,0.2803333333333334
AMA,2022,JUNIO,1_ANIO,2017,2564,709615,285,0.206,0.4653333333333333,0.8066666666666666,0.20566666666666666
AMA,2022,MARZO,1_ANIO,2027,2564,784465,303,0.162,0.2793333333333334,11.613333333333332,0.5706666666666667
AMA,2022,MAYO,1_ANIO,2014,2564,760212,370,0.25,0.126,10.295333333333334,0.518
AMA,2022,NOVIEMBRE,1_ANIO,2204,2564,677800,390,0.231,0.14766666666666667,21.543666666666667,0.16166666666666665
AMA,2022,OCTUBRE,1_ANIO,2204,2564,541898,454,0.23766666666666666,0.29633333333333334,5.5376666666666665,0.731
AMA,2022,SETIEMBRE,1_ANIO,2016,2564,694132,386,0.25166666666666665,0.37000000000000005,6.698666666666667,0.3256666666666667
APO,2019,ABRIL,<1_ANIO,986,5690,998497,245,0.14450000000000002,0.597,0.877,0.313
APO,2019,AGOSTO,<1_ANIO,933,5690,3650033,159,0.19,0.47950000000000004,3.2899999999999996,0.16749999999999998
APO,2019,DICIEMBRE,<1_ANIO,937,5690,1953340,209,0.197,0.43500000000000005,19.6735,0.21150000000000002
APO,2019,ENERO,<1_ANIO,924,5690,924269,226,0.1985,0.362,0.887,0.269
APO,2019,FEBRERO,<1_ANIO,871,5690,1000320,180,0.1965,0.106,6.9725,0.15
APO,2019,JULIO,<1_ANIO,986,5690,1352080,225,0.29200000000000004,0.3685,14.760000000000002,0.21200000000000002
APO,2019,JUNIO,<1_ANIO,937,5690,1235133,243,0.186,0.438,2.0895,0.21750000000000003
APO,2019,MARZO,<1_ANIO,986,5690,1003216,261,0.293,0.135,3.0425,0.5885
APO,2019,MAYO,<1_ANIO,933,5690,1030125,258,0.22599999999999998,0.35450000000000004,20.503999999999998,0.28200000000000003
APO,2019,NOVIEMBRE,<1_ANIO,936,5690,1813790,234,0.1755,0.405,8.0945,0.21
APO,2019,OCTUBRE,<1_ANIO,986,5690,619318,264,0.243,0.33799999999999997,11.2205,0.247
APO,2019,SETIEMBRE,<1_ANIO,943,5690,85800,299,0.136,0.494,25.7535,0.186
APO,2020,ABRIL,<1_ANIO,1562,2435,815151,48,0.30933333333333335,0.4043333333333334,0.0,0.0
APO,2020,AGOSTO,<1_ANIO,1734,2435,725676,517,0.43933333333333335,0.1376666666666667,0.0,0.0
APO,2020,DICIEMBRE,<1_ANIO,1813,2435,161316,666,0.243,0.3193333333333333,0.8016666666666667,0.28733333333333333
APO,2020,ENERO,<1_ANIO,1551,2435,777891,665,0.18333333333333335,0.42300000000000004,3.4973333333333336,0.20633333333333334
APO,2020,FEBRERO,<1_ANIO,1563,2435,761802,573,0.2273333333333333,0.37966666666666665,8.130333333333335,0.18200000000000002
APO,2020,JULIO,<1_ANIO,1551,2435,804264,528,0.4073333333333333,0.25066666666666665,0.0,0.0
APO,2020,JUNIO,<1_ANIO,1626,2435,718822,229,0.48266666666666663,0.14933333333333332,0.0,0.0
APO,2020,MARZO,<1_ANIO,1571,2435,751336,406,0.225,0.257,3.4586666666666672,0.7223333333333333
APO,2020,MAYO,<1_ANIO,1618,2435,710703,101,0.49433333333333335,0.17866666666666667,0.0,0.0
APO,2020,NOVIEMBRE,<1_ANIO,1788,2435,1348304,891,0.19499999999999998,0.27033333333333337,0.37366666666666665,0.257
APO,2020,OCTUBRE,<1_ANIO,1813,2435,858754,720,0.2776666666666667,0.24866666666666667,2.4446666666666665,0.3476666666666666
APO,2020,SETIEMBRE,<1_ANIO,1734,2435,749638,651,0.27266666666666667,0.359,18.492,0.5363333333333333
APO,2021,ABRIL,<1_ANIO,1895,2501,268268,580,0.19400000000000003,0.118,9.826666666666666,0.4656666666666667
APO,2021,AGOSTO,<1_ANIO,1918,2501,629819,572,0.2356666666666667,0.17866666666666667,3.763666666666667,0.47100000000000003
APO,2021,DICIEMBRE,<1_ANIO,1950,2501,486866,398,0.25633333333333336,0.31466666666666665,3.602,0.19433333333333333
APO,2021,ENERO,<1_ANIO,1812,2501,822309,692,0.26566666666666666,0.19933333333333333,1.514,0.19133333333333336
APO,2021,FEBRERO,<1_ANIO,1810,2501,677118,587,0.19699999999999998,0.17933333333333334,0.25233333333333335,0.5203333333333333
APO,2021,JULIO,<1_ANIO,1882,2501,647735,575,0.2763333333333334,0.399,2.0196666666666663,0.2416666666666667
APO,2021,JUNIO,<1_ANIO,1879,2501,696098,532,0.204,0.39799999999999996,1.1183333333333334,0.7433333333333333
APO,2021,MARZO,<1_ANIO,1824,2501,1269741,694,0.27666666666666667,0.27266666666666667,0.4446666666666667,1.0446666666666666
APO,2021,MAYO,<1_ANIO,1869,2501,694026,590,0.23866666666666667,0.26333333333333336,0.322,0.205
APO,2021,NOVIEMBRE,<1_ANIO,1939,2501,811749,549,0.21,0.217,10.665666666666668,1.273
APO,2021,OCTUBRE,<1_ANIO,1875,2501,612818,476,0.33666666666666667,0.31766666666666665,3.731333333333333,0.5553333333333333
APO,2021,SETIEMBRE,<1_ANIO,1903,2501,681661,659,0.24266666666666667,0.266,0.38766666666666666,0.18533333333333335
APO,2022,ABRIL,<1_ANIO,2042,2564,748576,703,0.16366666666666665,0.21366666666666667,12.200000000000001,0.5693333333333334
APO,2022,AGOSTO,<1_ANIO,1923,2564,779177,660,0.20766666666666667,0.40066666666666667,6.354333333333333,0.12233333333333334
APO,2022,DICIEMBRE,<1_ANIO,2204,2564,996898,543,0.20633333333333334,0.158,18.314333333333334,0.18300000000000002
APO,2022,ENERO,<1_ANIO,1970,2564,684081,690,0.2376666666666667,0.248,20.751333333333335,1.7856666666666667
APO,2022,FEBRERO,<1_ANIO,1993,2564,910655,636,0.17266666666666666,0.17800000000000002,0.25666666666666665,0.6346666666666666
APO,2022,JULIO,<1_ANIO,2028,2564,1104057,635,0.18466666666666667,0.33966666666666673,4.626,0.2803333333333334
APO,2022,JUNIO,<1_ANIO,2017,2564,709615,622,0.206,0.4653333333333333,0.8066666666666666,0.20566666666666666
APO,2022,MARZO,<1_ANIO,2027,2564,784465,749,0.162,0.2793333333333334,11.613333333333332,0.5706666666666667
APO,2022,MAYO,<1_ANIO,2014,2564,760212,654,0.25,0.126,10.295333333333334,0.518
APO,2022,NOVIEMBRE,<1_ANIO,2204,2564,677800,675,0.231,0.14766666666666667,21.543666666666667,0.16166666666666665
APO,2022,OCTUBRE,<1_ANIO,2204,2564,541898,676,0.23766666666666666,0.29633333333333334,5.5376666666666665,0.731
APO,2022,SETIEMBRE,<1_ANIO,2016,2564,694132,607,0.25166666666666665,0.37000000000000005,6.698666666666667,0.3256666666666667
APO2,2019,ABRIL,4_ANIOS,986,5690,998497,324,0.14450000000000002,0.597,0.877,0.313
APO2,2019,AGOSTO,4_ANIOS,933,5690,3650033,43,0.19,0.47950000000000004,3.2899999999999996,0.16749999999999998
APO2,2019,DICIEMBRE,4_ANIOS,937,5690,1953340,107,0.197,0.43500000000000005,19.6735,0.21150000000000002
APO2,2019,ENERO,4_ANIOS,924,5690,924269,153,0.1985,0.362,0.887,0.269
APO2,2019,FEBRERO,4_ANIOS,871,5690,1000320,132,0.1965,0.106,6.9725,0.15
APO2,2019,JULIO,4_ANIOS,986,5690,1352080,66,0.29200000000000004,0.3685,14.760000000000002,0.21200000000000002
APO2,2019,JUNIO,4_ANIOS,937,5690,1235133,50,0.186,0.438,2.0895,0.21750000000000003
APO2,2019,MARZO,4_ANIOS,986,5690,1003216,158,0.293,0.135,3.0425,0.5885
APO2,2019,MAYO,4_ANIOS,933,5690,1030125,214,0.22599999999999998,0.35450000000000004,20.503999999999998,0.28200000000000003
APO2,2019,NOVIEMBRE,4_ANIOS,936,5690,1813790,108,0.1755,0.405,8.0945,0.21
APO2,2019,OCTUBRE,4_ANIOS,986,5690,619318,184,0.243,0.33799999999999997,11.2205,0.247
APO2,2019,SETIEMBRE,4_ANIOS,943,5690,85800,272,0.136,0.494,25.7535,0.186
APO2,2020,ABRIL,4_ANIOS,1562,2435,815151,40,0.30933333333333335,0.4043333333333334,0.0,0.0
APO2,2020,AGOSTO,4_ANIOS,1734,2435,725676,284,0.43933333333333335,0.1376666666666667,0.0,0.0
APO2,2020,DICIEMBRE,4_ANIOS,1813,2435,161316,347,0.243,0.3193333333333333,0.8016666666666667,0.28733333333333333
APO2,2020,ENERO,4_ANIOS,1551,2435,777891,282,0.18333333333333335,0.42300000000000004,3.4973333333333336,0.20633333333333334
APO2,2020,FEBRERO,4_ANIOS,1563,2435,761802,326,0.2273333333333333,0.37966666666666665,8.130333333333335,0.18200000000000002
APO2,2020,JULIO,4_ANIOS,1551,2435,804264,255,0.4073333333333333,0.25066666666666665,0.0,0.0
APO2,2020,JUNIO,4_ANIOS,1626,2435,718822,86,0.48266666666666663,0.14933333333333332,0.0,0.0
APO2,2020,MARZO,4_ANIOS,1571,2435,751336,204,0.225,0.257,3.4586666666666672,0.7223333333333333
APO2,2020,MAYO,4_ANIOS,1618,2435,710703,52,0.49433333333333335,0.17866666666666667,0.0,0.0
APO2,2020,NOVIEMBRE,4_ANIOS,1788,2435,1348304,843,0.19499999999999998,0.27033333333333337,0.37366666666666665,0.257
APO2,2020,OCTUBRE,4_ANIOS,1813,2435,858754,685,0.2776666666666667,0.24866666666666667,2.4446666666666665,0.3476666666666666
APO2,2020,SETIEMBRE,4_ANIOS,1734,2435,749638,695,0.27266666666666667,0.359,18.492,0.5363333333333333
APO2,2021,ABRIL,4_ANIOS,1895,2501,268268,209,0.19400000000000003,0.118,9.826666666666666,0.4656666666666667
APO2,2021,AGOSTO,4_ANIOS,1918,2501,629819,246,0.2356666666666667,0.17866666666666667,3.763666666666667,0.47100000000000003
APO2,2021,DICIEMBRE,4_ANIOS,1950,2501,486866,162,0.25633333333333336,0.31466666666666665,3.602,0.19433333333333333
APO2,2021,ENERO,4_ANIOS,1812,2501,822309,249,0.26566666666666666,0.19933333333333333,1.514,0.19133333333333336
APO2,2021,FEBRERO,4_ANIOS,1810,2501,677118,248,0.19699999999999998,0.17933333333333334,0.25233333333333335,0.5203333333333333
APO2,2021,JULIO,4_ANIOS,1882,2501,647735,204,0.2763333333333334,0.399,2.0196666666666663,0.2416666666666667
APO2,2021,JUNIO,4_ANIOS,1879,2501,696098,221,0.204,0.39799999999999996,1.1183333333333334,0.7433333333333333
APO2,2021,MARZO,4_ANIOS,1824,2501,1269741,245,0.27666666666666667,0.27266666666666667,0.4446666666666667,1.0446666666666666
APO2,2021,MAYO,4_ANIOS,1869,2501,694026,282,0.23866666666666667,0.26333333333333336,0.322,0.205
APO2,2021,NOVIEMBRE,4_ANIOS,1939,2501,811749,220,0.21,0.217,10.665666666666668,1.273
APO2,2021,OCTUBRE,4_ANIOS,1875,2501,612818,230,0.33666666666666667,0.31766666666666665,3.731333333333333,0.5553333333333333
APO2,2021,SETIEMBRE,4_ANIOS,1903,2501,681661,271,0.24266666666666667,0.266,0.38766666666666666,0.18533333333333335
APO2,2022,ABRIL,4_ANIOS,2042,2564,748576,296,0.16366666666666665,0.21366666666666667,12.200000000000001,0.5693333333333334
APO2,2022,AGOSTO,4_ANIOS,1923,2564,779177,234,0.20766666666666667,0.40066666666666667,6.354333333333333,0.12233333333333334
APO2,2022,DICIEMBRE,4_ANIOS,2204,2564,996898,196,0.20633333333333334,0.158,18.314333333333334,0.18300000000000002
APO2,2022,ENERO,4_ANIOS,1970,2564,684081,323,0.2376666666666667,0.248,20.751333333333335,1.7856666666666667
APO2,2022,FEBRERO,4_ANIOS,1993,2564,910655,321,0.17266666666666666,0.17800000000000002,0.25666666666666665,0.6346666666666666
APO2,2022,JULIO,4_ANIOS,2028,2564,1104057,165,0.18466666666666667,0.33966666666666673,4.626,0.2803333333333334
APO2,2022,JUNIO,4_ANIOS,2017,2564,709615,188,0.206,0.4653333333333333,0.8066666666666666,0.20566666666666666
APO2,2022,MARZO,4_ANIOS,2027,2564,784465,322,0.162,0.2793333333333334,11.613333333333332,0.5706666666666667
APO2,2022,MAYO,4_ANIOS,2014,2564,760212,247,0.25,0.126,10.295333333333334,0.518
APO2,2022,NOVIEMBRE,4_ANIOS,2204,2564,677800,321,0.231,0.14766666666666667,21.543666666666667,0.16166666666666665
APO2,2022,OCTUBRE,4_ANIOS,2204,2564,541898,249,0.23766666666666666,0.29633333333333334,5.5376666666666665,0.731
APO2,2022,SETIEMBRE,4_ANIOS,2016,2564,694132,229,0.25166666666666665,0.37000000000000005,6.698666666666667,0.3256666666666667
APO_REF,2019,ABRIL,1_ANIO,986,5690,998497,200,0.14450000000000002,0.597,0.877,0.313
APO_REF,2019,AGOSTO,1_ANIO,933,5690,3650033,68,0.19,0.47950000000000004,3.2899999999999996,0.16749999999999998
APO_REF,2019,DICIEMBRE,1_ANIO,937,5690,1953340,151,0.197,0.43500000000000005,19.6735,0.21150000000000002
APO_REF,2019,ENERO,1_ANIO,924,5690,924269,156,0.1985,0.362,0.887,0.269
APO_REF,2019,FEBRERO,1_ANIO,871,5690,1000320,173,0.1965,0.106,6.9725,0.15
APO_REF,2019,JULIO,1_ANIO,986,5690,1352080,125,0.29200000000000004,0.3685,14.760000000000002,0.21200000000000002
APO_REF,2019,JUNIO,1_ANIO,937,5690,1235133,166,0.186,0.438,2.0895,0.21750000000000003
APO_REF,2019,MARZO,1_ANIO,986,5690,1003216,163,0.293,0.135,3.0425,0.5885
APO_REF,2019,MAYO,1_ANIO,933,5690,1030125,184,0.22599999999999998,0.35450000000000004,20.503999999999998,0.28200000000000003
APO_REF,2019,NOVIEMBRE,1_ANIO,936,5690,1813790,136,0.1755,0.405,8.0945,0.21
APO_REF,2019,OCTUBRE,1_ANIO,986,5690,619318,176,0.243,0.33799999999999997,11.2205,0.247
APO_REF,2019,SETIEMBRE,1_ANIO,943,5690,85800,236,0.136,0.494,25.7535,0.186
APO_REF,2020,ABRIL,1_ANIO,1562,2435,815151,31,0.30933333333333335,0.4043333333333334,0.0,0.0
APO_REF,2020,AGOSTO,1_ANIO,1734,2435,725676,380,0.43933333333333335,0.1376666666666667,0.0,0.0
APO_REF,2020,DICIEMBRE,1_ANIO,1813,2435,161316,399,0.243,0.3193333333333333,0.8016666666666667,0.28733333333333333
APO_REF,2020,ENERO,1_ANIO,1551,2435,777891,359,0.18333333333333335,0.42300000000000004,3.4973333333333336,0.20633333333333334
APO_REF,2020,FEBRERO,1_ANIO,1563,2435,761802,335,0.2273333333333333,0.37966666666666665,8.130333333333335,0.18200000000000002
APO_REF,2020,JULIO,1_ANIO,1551,2435,804264,343,0.4073333333333333,0.25066666666666665,0.0,0.0
APO_REF,2020,JUNIO,1_ANIO,1626,2435,718822,115,0.48266666666666663,0.14933333333333332,0.0,0.0
APO_REF,2020,MARZO,1_ANIO,1571,2435,751336,242,0.225,0.257,3.4586666666666672,0.7223333333333333
APO_REF,2020,MAYO,1_ANIO,1618,2435,710703,48,0.49433333333333335,0.17866666666666667,0.0,0.0
APO_REF,2020,NOVIEMBRE,1_ANIO,1788,2435,1348304,639,0.19499999999999998,0.27033333333333337,0.37366666666666665,0.257
APO_REF,2020,OCTUBRE,1_ANIO,1813,2435,858754,579,0.2776666666666667,0.24866666666666667,2.4446666666666665,0.3476666666666666
APO_REF,2020,SETIEMBRE,1_ANIO,1734,2435,749638,645,0.27266666666666667,0.359,18.492,0.5363333333333333
APO_REF,2021,ABRIL,1_ANIO,1895,2501,268268,310,0.19400000000000003,0.118,9.826666666666666,0.4656666666666667
APO_REF,2021,AGOSTO,1_ANIO,1918,2501,629819,384,0.2356666666666667,0.17866666666666667,3.763666666666667,0.47100000000000003
APO_REF,2021,DICIEMBRE,1_ANIO,1950,2501,486866,219,0.25633333333333336,0.31466666666666665,3.602,0.19433333333333333
APO_REF,2021,ENERO,1_ANIO,1812,2501,822309,332,0.26566666666666666,0.19933333333333333,1.514,0.19133333333333336
APO_REF,2021,FEBRERO,1_ANIO,1810,2501,677118,304,0.19699999999999998,0.17933333333333334,0.25233333333333335,0.5203333333333333
APO_REF,2021,JULIO,1_ANIO,1882,2501,647735,365,0.2763333333333334,0.399,2.0196666666666663,0.2416666666666667
APO_REF,2021,JUNIO,1_ANIO,1879,2501,696098,321,0.204,0.39799999999999996,1.1183333333333334,0.7433333333333333
APO_REF,2021,MARZO,1_ANIO,1824,2501,1269741,398,0.27666666666666667,0.27266666666666667,0.4446666666666667,1.0446666666666666
APO_REF,2021,MAYO,1_ANIO,1869,2501,694026,332,0.23866666666666667,0.26333333333333336,0.322,0.205
APO_REF,2021,NOVIEMBRE,1_ANIO,1939,2501,811749,369,0.21,0.217,10.665666666666668,1.273
APO_REF,2021,OCTUBRE,1_ANIO,1875,2501,612818,260,0.33666666666666667,0.31766666666666665,3.731333333333333,0.5553333333333333
APO_REF,2021,SETIEMBRE,1_ANIO,1903,2501,681661,370,0.24266666666666667,0.266,0.38766666666666666,0.18533333333333335
APO_REF,2022,ABRIL,1_ANIO,2042,2564,748576,333,0.16366666666666665,0.21366666666666667,12.200000000000001,0.5693333333333334
APO_REF,2022,AGOSTO,1_ANIO,1923,2564,779177,401,0.20766666666666667,0.40066666666666667,6.354333333333333,0.12233333333333334
APO_REF,2022,DICIEMBRE,1_ANIO,2204,2564,996898,319,0.20633333333333334,0.158,18.314333333333334,0.18300000000000002
APO_REF,2022,ENERO,1_ANIO,1970,2564,684081,346,0.2376666666666667,0.248,20.751333333333335,1.7856666666666667
APO_REF,2022,FEBRERO,1_ANIO,1993,2564,910655,402,0.17266666666666666,0.17800000000000002,0.25666666666666665,0.6346666666666666
APO_REF,2022,JULIO,1_ANIO,2028,2564,1104057,314,0.18466666666666667,0.33966666666666673,4.626,0.2803333333333334
APO_REF,2022,JUNIO,1_ANIO,2017,2564,709615,304,0.206,0.4653333333333333,0.8066666666666666,0.20566666666666666
APO_REF,2022,MARZO,1_ANIO,2027,2564,784465,424,0.162,0.2793333333333334,11.613333333333332,0.5706666666666667
APO_REF,2022,MAYO,1_ANIO,2014,2564,760212,366,0.25,0.126,10.295333333333334,0.518
APO_REF,2022,NOVIEMBRE,1_ANIO,2204,2564,677800,416,0.231,0.14766666666666667,21.543666666666667,0.16166666666666665
APO_REF,2022,OCTUBRE,1_ANIO,2204,2564,541898,433,0.23766666666666666,0.29633333333333334,5.5376666666666665,0.731
APO_REF,2022,SETIEMBRE,1_ANIO,2016,2564,694132,363,0.25166666666666665,0.37000000000000005,6.698666666666667,0.3256666666666667
APT,2019,ABRIL,1_ANIO,986,5690,998497,217,0.14450000000000002,0.597,0.877,0.313
APT,2019,AGOSTO,1_ANIO,933,5690,3650033,104,0.19,0.47950000000000004,3.2899999999999996,0.16749999999999998
APT,2019,DICIEMBRE,1_ANIO,937,5690,1953340,171,0.197,0.43500000000000005,19.6735,0.21150000000000002
APT,2019,ENERO,1_ANIO,924,5690,924269,171,0.1985,0.362,0.887,0.269
APT,2019,FEBRERO,1_ANIO,871,5690,1000320,182,0.1965,0.106,6.9725,0.15
APT,2019,JULIO,1_ANIO,986,5690,1352080,158,0.29200000000000004,0.3685,14.760000000000002,0.21200000000000002
APT,2019,JUNIO,1_ANIO,937,5690,1235133,189,0.186,0.438,2.0895,0.21750000000000003
APT,2019,MARZO,1_ANIO,986,5690,1003216,172,0.293,0.135,3.0425,0.5885
APT,2019,MAYO,1_ANIO,933,5690,1030125,202,0.22599999999999998,0.35450000000000004,20.503999999999998,0.28200000000000003
APT,2019,NOVIEMBRE,1_ANIO,936,5690,1813790,175,0.1755,0.405,8.0945,0.21
APT,2019,OCTUBRE,1_ANIO,986,5690,619318,206,0.243,0.33799999999999997,11.2205,0.247
APT,2019,SETIEMBRE,1_ANIO,943,5690,85800,262,0.136,0.494,25.7535,0.186
APT,2020,ABRIL,1_ANIO,1562,2435,815151,37,0.30933333333333335,0.4043333333333334,0.0,0.0
APT,2020,AGOSTO,1_ANIO,1734,2435,725676,390,0.43933333333333335,0.1376666666666667,0.0,0.0
APT,2020,DICIEMBRE,1_ANIO,1813,2435,161316,367,0.243,0.3193333333333333,0.8016666666666667,0.28733333333333333
APT,2020,ENERO,1_ANIO,1551,2435,777891,379,0.18333333333333335,0.42300000000000004,3.4973333333333336,0.20633333333333334
APT,2020,FEBRERO,1_ANIO,1563,2435,761802,367,0.2273333333333333,0.37966666666666665,8.130333333333335,0.18200000000000002
APT,2020,JULIO,1_ANIO,1551,2435,804264,366,0.4073333333333333,0.25066666666666665,0.0,0.0
APT,2020,JUNIO,1_ANIO,1626,2435,718822,116,0.48266666666666663,0.14933333333333332,0.0,0.0
APT,2020,MARZO,1_ANIO,1571,2435,751336,248,0.225,0.257,3.4586666666666672,0.7223333333333333
APT,2020,MAYO,1_ANIO,1618,2435,710703,53,0.49433333333333335,0.17866666666666667,0.0,0.0
APT,2020,NOVIEMBRE,1_ANIO,1788,2435,1348304,598,0.19499999999999998,0.27033333333333337,0.37366666666666665,0.257
APT,2020,OCTUBRE,1_ANIO,1813,2435,858754,558,0.2776666666666667,0.24866666666666667,2.4446666666666665,0.3476666666666666
APT,2020,SETIEMBRE,1_ANIO,1734,2435,749638,545,0.27266666666666667,0.359,18.492,0.5363333333333333
APT,2021,ABRIL,1_ANIO,1895,2501,268268,315,0.19400000000000003,0.118,9.826666666666666,0.4656666666666667
APT,2021,AGOSTO,1_ANIO,1918,2501,629819,383,0.2356666666666667,0.17866666666666667,3.763666666666667,0.47100000000000003
APT,2021,DICIEMBRE,1_ANIO,1950,2501,486866,223,0.25633333333333336,0.31466666666666665,3.602,0.19433333333333333
APT,2021,ENERO,1_ANIO,1812,2501,822309,351,0.26566666666666666,0.19933333333333333,1.514,0.19133333333333336
APT,2021,FEBRERO,1_ANIO,1810,2501,677118,315,0.19699999999999998,0.17933333333333334,0.25233333333333335,0.5203333333333333
APT,2021,JULIO,1_ANIO,1882,2501,647735,388,0.2763333333333334,0.399,2.0196666666666663,0.2416666666666667
APT,2021,JUNIO,1_ANIO,1879,2501,696098,314,0.204,0.39799999999999996,1.1183333333333334,0.7433333333333333
APT,2021,MARZO,1_ANIO,1824,2501,1269741,418,0.27666666666666667,0.27266666666666667,0.4446666666666667,1.0446666666666666
APT,2021,MAYO,1_ANIO,1869,2501,694026,342,0.23866666666666667,0.26333333333333336,0.322,0.205
APT,2021,NOVIEMBRE,1_ANIO,1939,2501,811749,392,0.21,0.217,10.665666666666668,1.273
APT,2021,OCTUBRE,1_ANIO,1875,2501,612818,260,0.33666666666666667,0.31766666666666665,3.731333333333333,0.5553333333333333
APT,2021,SETIEMBRE,1_ANIO,1903,2501,681661,386,0.24266666666666667,0.266,0.38766666666666666,0.18533333333333335
APT,2022,ABRIL,1_ANIO,2042,2564,748576,359,0.16366666666666665,0.21366666666666667,12.200000000000001,0.5693333333333334
APT,2022,AGOSTO,1_ANIO,1923,2564,779177,418,0.20766666666666667,0.40066666666666667,6.354333333333333,0.12233333333333334
APT,2022,DICIEMBRE,1_ANIO,2204,2564,996898,347,0.20633333333333334,0.158,18.314333333333334,0.18300000000000002
APT,2022,ENERO,1_ANIO,1970,2564,684081,360,0.2376666666666667,0.248,20.751333333333335,1.7856666666666667
APT,2022,FEBRERO,1_ANIO,1993,2564,910655,428,0.17266666666666666,0.17800000000000002,0.25666666666666665,0.6346666666666666
APT,2022,JULIO,1_ANIO,2028,2564,1104057,328,0.18466666666666667,0.33966666666666673,4.626,0.2803333333333334
APT,2022,JUNIO,1_ANIO,2017,2564,709615,316,0.206,0.4653333333333333,0.8066666666666666,0.20566666666666666
APT,2022,MARZO,1_ANIO,2027,2564,784465,444,0.162,0.2793333333333334,11.613333333333332,0.5706666666666667
APT,2022,MAYO,1_ANIO,2014,2564,760212,379,0.25,0.126,10.295333333333334,0.518
APT,2022,NOVIEMBRE,1_ANIO,2204,2564,677800,440,0.231,0.14766666666666667,21.543666666666667,0.16166666666666665
APT,2022,OCTUBRE,1_ANIO,2204,2564,541898,464,0.23766666666666666,0.29633333333333334,5.5376666666666665,0.731
APT,2022,SETIEMBRE,1_ANIO,2016,2564,694132,389,0.25166666666666665,0.37000000000000005,6.698666666666667,0.3256666666666667
BCG,2019,ABRIL,RN,986,5690,998497,737,0.14450000000000002,0.597,0.877,0.313
BCG,2019,AGOSTO,RN,933,5690,3650033,739,0.19,0.47950000000000004,3.2899999999999996,0.16749999999999998
BCG,2019,DICIEMBRE,RN,937,5690,1953340,678,0.197,0.43500000000000005,19.6735,0.21150000000000002
BCG,2019,ENERO,RN,924,5690,924269,1053,0.1985,0.362,0.887,0.269
BCG,2019,FEBRERO,RN,871,5690,1000320,788,0.1965,0.106,6.9725,0.15
BCG,2019,JULIO,RN,986,5690,1352080,691,0.29200000000000004,0.3685,14.760000000000002,0.21200000000000002
BCG,2019,JUNIO,RN,937,5690,1235133,692,0.186,0.438,2.0895,0.21750000000000003
BCG,2019,MARZO,RN,986,5690,1003216,765,0.293,0.135,3.0425,0.5885
BCG,2019,MAYO,RN,933,5690,1030125,783,0.22599999999999998,0.35450000000000004,20.503999999999998,0.28200000000000003
BCG,2019,NOVIEMBRE,RN,936,5690,1813790,711,0.1755,0.405,8.0945,0.21
BCG,2019,OCTUBRE,RN,986,5690,619318,727,0.243,0.33799999999999997,11.2205,0.247
BCG,2019,SETIEMBRE,RN,943,5690,85800,735,0.136,0.494,25.7535,0.186
BCG,2020,ABRIL,RN,1562,2435,815151,313,0.30933333333333335,0.4043333333333334,0.0,0.0
BCG,2020,AGOSTO,RN,1734,2435,725676,382,0.43933333333333335,0.1376666666666667,0.0,0.0
BCG,2020,DICIEMBRE,RN,1813,2435,161316,349,0.243,0.3193333333333333,0.8016666666666667,0.28733333333333333
BCG,2020,ENERO,RN,1551,2435,777891,238,0.18333333333333335,0.42300000000000004,3.4973333333333336,0.20633333333333334
BCG,2020,FEBRERO,RN,1563,2435,761802,210,0.2273333333333333,0.37966666666666665,8.130333333333335,0.18200000000000002
BCG,2020,JULIO,RN,1551,2435,804264,314,0.4073333333333333,0.25066666666666665,0.0,0.0
BCG,2020,JUNIO,RN,1626,2435,718822,231,0.48266666666666663,0.14933333333333332,0.0,0.0
BCG,2020,MARZO,RN,1571,2435,751336,205,0.225,0.257,3.4586666666666672,0.7223333333333333
BCG,2020,MAYO,RN,1618,2435,710703,237,0.49433333333333335,0.17866666666666667,0.0,0.0
BCG,2020,NOVIEMBRE,RN,1788,2435,1348304,338,0.19499999999999998,0.27033333333333337,0.37366666666666665,0.257
BCG,2020,OCTUBRE,RN,1813,2435,858754,381,0.2776666666666667,0.24866666666666667,2.4446666666666665,0.3476666666666666
BCG,2020,SETIEMBRE,RN,1734,2435,749638,366,0.27266666666666667,0.359,18.492,0.5363333333333333
BCG,2021,ABRIL,RN,1895,2501,268268,466,0.19400000000000003,0.118,9.826666666666666,0.4656666666666667
BCG,2021,AGOSTO,RN,1918,2501,629819,287,0.2356666666666667,0.17866666666666667,3.763666666666667,0.47100000000000003
BCG,2021,DICIEMBRE,RN,1950,2501,486866,210,0.25633333333333336,0.31466666666666665,3.602,0.19433333333333333
BCG,2021,ENERO,RN,1812,2501,822309,350,0.26566666666666666,0.19933333333333333,1.514,0.19133333333333336
BCG,2021,FEBRERO,RN,1810,2501,677118,353,0.19699999999999998,0.17933333333333334,0.25233333333333335,0.5203333333333333
BCG,2021,JULIO,RN,1882,2501,647735,327,0.2763333333333334,0.399,2.0196666666666663,0.2416666666666667
BCG,2021,JUNIO,RN,1879,2501,696098,360,0.204,0.39799999999999996,1.1183333333333334,0.7433333333333333
BCG,2021,MARZO,RN,1824,2501,1269741,483,0.27666666666666667,0.27266666666666667,0.4446666666666667,1.0446666666666666
BCG,2021,MAYO,RN,1869,2501,694026,321,0.23866666666666667,0.26333333333333336,0.322,0.205
BCG,2021,NOVIEMBRE,RN,1939,2501,811749,282,0.21,0.217,10.665666666666668,1.273
BCG,2021,OCTUBRE,RN,1875,2501,612818,257,0.33666666666666667,0.31766666666666665,3.731333333333333,0.5553333333333333
BCG,2021,SETIEMBRE,RN,1903,2501,681661,339,0.24266666666666667,0.266,0.38766666666666666,0.18533333333333335
BCG,2022,ABRIL,RN,2042,2564,748576,817,0.16366666666666665,0.21366666666666667,12.200000000000001,0.5693333333333334
BCG,2022,AGOSTO,RN,1923,2564,779177,706,0.20766666666666667,0.40066666666666667,6.354333333333333,0.12233333333333334
BCG,2022,DICIEMBRE,RN,2204,2564,996898,746,0.20633333333333334,0.158,18.314333333333334,0.18300000000000002
BCG,2022,ENERO,RN,1970,2564,684081,894,0.2376666666666667,0.248,20.751333333333335,1.7856666666666667
BCG,2022,FEBRERO,RN,1993,2564,910655,778,0.17266666666666666,0.17800000000000002,0.25666666666666665,0.6346666666666666
BCG,2022,JULIO,RN,2028,2564,1104057,802,0.18466666666666667,0.33966666666666673,4.626,0.2803333333333334
BCG,2022,JUNIO,RN,2017,2564,709615,780,0.206,0.4653333333333333,0.8066666666666666,0.20566666666666666
BCG,2022,MARZO,RN,2027,2564,784465,829,0.162,0.2793333333333334,11.613333333333332,0.5706666666666667
BCG,2022,MAYO,RN,2014,2564,760212,787,0.25,0.126,10.295333333333334,0.518
BCG,2022,NOVIEMBRE,RN,2204,2564,677800,865,0.231,0.14766666666666667,21.543666666666667,0.16166666666666665
BCG,2022,OCTUBRE,RN,2204,2564,541898,748,0.23766666666666666,0.29633333333333334,5.5376666666666665,0.731
BCG,2022,SETIEMBRE,RN,2016,2564,694132,711,0.25166666666666665,0.37000000000000005,6.698666666666667,0.3256666666666667
DPT2,2019,ABRIL,4_ANIOS,986,5690,998497,344,0.14450000000000002,0.597,0.877,0.313
DPT2,2019,AGOSTO,4_ANIOS,933,5690,3650033,64,0.19,0.47950000000000004,3.2899999999999996,0.16749999999999998
DPT2,2019,DICIEMBRE,4_ANIOS,937,5690,1953340,129,0.197,0.43500000000000005,19.6735,0.21150000000000002
DPT2,2019,ENERO,4_ANIOS,924,5690,924269,161,0.1985,0.362,0.887,0.269
DPT2,2019,FEBRERO,4_ANIOS,871,5690,1000320,136,0.1965,0.106,6.9725,0.15
DPT2,2019,JULIO,4_ANIOS,986,5690,1352080,91,0.29200000000000004,0.3685,14.760000000000002,0.21200000000000002
DPT2,2019,JUNIO,4_ANIOS,937,5690,1235133,88,0.186,0.438,2.0895,0.21750000000000003
DPT2,2019,MARZO,4_ANIOS,986,5690,1003216,165,0.293,0.135,3.0425,0.5885
DPT2,2019,MAYO,4_ANIOS,933,5690,1030125,216,0.22599999999999998,0.35450000000000004,20.503999999999998,0.28200000000000003
DPT2,2019,NOVIEMBRE,4_ANIOS,936,5690,1813790,127,0.1755,0.405,8.0945,0.21
DPT2,2019,OCTUBRE,4_ANIOS,986,5690,619318,200,0.243,0.33799999999999997,11.2205,0.247
DPT2,2019,SETIEMBRE,4_ANIOS,943,5690,85800,309,0.136,0.494,25.7535,0.186
DPT2,2020,ABRIL,4_ANIOS,1562,2435,815151,34,0.30933333333333335,0.4043333333333334,0.0,0.0
DPT2,2020,AGOSTO,4_ANIOS,1734,2435,725676,320,0.43933333333333335,0.1376666666666667,0.0,0.0
DPT2,2020,DICIEMBRE,4_ANIOS,1813,2435,161316,384,0.243,0.3193333333333333,0.8016666666666667,0.28733333333333333
DPT2,2020,ENERO,4_ANIOS,1551,2435,777891,326,0.18333333333333335,0.42300000000000004,3.4973333333333336,0.20633333333333334
DPT2,2020,FEBRERO,4_ANIOS,1563,2435,761802,366,0.2273333333333333,0.37966666666666665,8.130333333333335,0.18200000000000002
DPT2,2020,JULIO,4_ANIOS,1551,2435,804264,270,0.4073333333333333,0.25066666666666665,0.0,0.0
DPT2,2020,JUNIO,4_ANIOS,1626,2435,718822,122,0.48266666666666663,0.14933333333333332,0.0,0.0
DPT2,2020,MARZO,4_ANIOS,1571,2435,751336,238,0.225,0.257,3.4586666666666672,0.7223333333333333
DPT2,2020,MAYO,4_ANIOS,1618,2435,710703,60,0.49433333333333335,0.17866666666666667,0.0,0.0
DPT2,2020,NOVIEMBRE,4_ANIOS,1788,2435,1348304,998,0.19499999999999998,0.27033333333333337,0.37366666666666665,0.257
DPT2,2020,OCTUBRE,4_ANIOS,1813,2435,858754,715,0.2776666666666667,0.24866666666666667,2.4446666666666665,0.3476666666666666
DPT2,2020,SETIEMBRE,4_ANIOS,1734,2435,749638,794,0.27266666666666667,0.359,18.492,0.5363333333333333
DPT2,2021,ABRIL,4_ANIOS,1895,2501,268268,231,0.19400000000000003,0.118,9.826666666666666,0.4656666666666667
DPT2,2021,AGOSTO,4_ANIOS,1918,2501,629819,260,0.2356666666666667,0.17866666666666667,3.763666666666667,0.47100000000000003
DPT2,2021,DICIEMBRE,4_ANIOS,1950,2501,486866,177,0.25633333333333336,0.31466666666666665,3.602,0.19433333333333333
DPT2,2021,ENERO,4_ANIOS,1812,2501,822309,284,0.26566666666666666,0.19933333333333333,1.514,0.19133333333333336
DPT2,2021,FEBRERO,4_ANIOS,1810,2501,677118,272,0.19699999999999998,0.17933333333333334,0.25233333333333335,0.5203333333333333
DPT2,2021,JULIO,4_ANIOS,1882,2501,647735,231,0.2763333333333334,0.399,2.0196666666666663,0.2416666666666667
DPT2,2021,JUNIO,4_ANIOS,1879,2501,696098,243,0.204,0.39799999999999996,1.1183333333333334,0.7433333333333333
DPT2,2021,MARZO,4_ANIOS,1824,2501,1269741,274,0.27666666666666667,0.27266666666666667,0.4446666666666667,1.0446666666666666
DPT2,2021,MAYO,4_ANIOS,1869,2501,694026,298,0.23866666666666667,0.26333333333333336,0.322,0.205
DPT2,2021,NOVIEMBRE,4_ANIOS,1939,2501,811749,242,0.21,0.217,10.665666666666668,1.273
DPT2,2021,OCTUBRE,4_ANIOS,1875,2501,612818,252,0.33666666666666667,0.31766666666666665,3.731333333333333,0.5553333333333333
DPT2,2021,SETIEMBRE,4_ANIOS,1903,2501,681661,285,0.24266666666666667,0.266,0.38766666666666666,0.18533333333333335
DPT2,2022,ABRIL,4_ANIOS,2042,2564,748576,307,0.16366666666666665,0.21366666666666667,12.200000000000001,0.5693333333333334
DPT2,2022,AGOSTO,4_ANIOS,1923,2564,779177,256,0.20766666666666667,0.40066666666666667,6.354333333333333,0.12233333333333334
DPT2,2022,DICIEMBRE,4_ANIOS,2204,2564,996898,214,0.20633333333333334,0.158,18.314333333333334,0.18300000000000002
DPT2,2022,ENERO,4_ANIOS,1970,2564,684081,357,0.2376666666666667,0.248,20.751333333333335,1.7856666666666667
DPT2,2022,FEBRERO,4_ANIOS,1993,2564,910655,352,0.17266666666666666,0.17800000000000002,0.25666666666666665,0.6346666666666666
DPT2,2022,JULIO,4_ANIOS,2028,2564,1104057,190,0.18466666666666667,0.33966666666666673,4.626,0.2803333333333334
DPT2,2022,JUNIO,4_ANIOS,2017,2564,709615,195,0.206,0.4653333333333333,0.8066666666666666,0.20566666666666666
DPT2,2022,MARZO,4_ANIOS,2027,2564,784465,354,0.162,0.2793333333333334,11.613333333333332,0.5706666666666667
DPT2,2022,MAYO,4_ANIOS,2014,2564,760212,268,0.25,0.126,10.295333333333334,0.518
DPT2,2022,NOVIEMBRE,4_ANIOS,2204,2564,677800,336,0.231,0.14766666666666667,21.543666666666667,0.16166666666666665
DPT2,2022,OCTUBRE,4_ANIOS,2204,2564,541898,260,0.23766666666666666,0.29633333333333334,5.5376666666666665,0.731
DPT2,2022,SETIEMBRE,4_ANIOS,2016,2564,694132,266,0.25166666666666665,0.37000000000000005,6.698666666666667,0.3256666666666667
HVB,2019,ABRIL,RN,986,5690,998497,676,0.14450000000000002,0.597,0.877,0.313
HVB,2019,AGOSTO,RN,933,5690,3650033,679,0.19,0.47950000000000004,3.2899999999999996,0.16749999999999998
HVB,2019,DICIEMBRE,RN,937,5690,1953340,640,0.197,0.43500000000000005,19.6735,0.21150000000000002
HVB,2019,ENERO,RN,924,5690,924269,1001,0.1985,0.362,0.887,0.269
HVB,2019,FEBRERO,RN,871,5690,1000320,751,0.1965,0.106,6.9725,0.15
HVB,2019,JULIO,RN,986,5690,1352080,632,0.29200000000000004,0.3685,14.760000000000002,0.21200000000000002
HVB,2019,JUNIO,RN,937,5690,1235133,619,0.186,0.438,2.0895,0.21750000000000003
HVB,2019,MARZO,RN,986,5690,1003216,698,0.293,0.135,3.0425,0.5885
HVB,2019,MAYO,RN,933,5690,1030125,686,0.22599999999999998,0.35450000000000004,20.503999999999998,0.28200000000000003
HVB,2019,NOVIEMBRE,RN,936,5690,1813790,658,0.1755,0.405,8.0945,0.21
HVB,2019,OCTUBRE,RN,986,5690,619318,663,0.243,0.33799999999999997,11.2205,0.247
HVB,2019,SETIEMBRE,RN,943,5690,85800,653,0.136,0.494,25.7535,0.186
HVB,2020,ABRIL,RN,1562,2435,815151,334,0.30933333333333335,0.4043333333333334,0.0,0.0
HVB,2020,AGOSTO,RN,1734,2435,725676,419,0.43933333333333335,0.1376666666666667,0.0,0.0
HVB,2020,DICIEMBRE,RN,1813,2435,161316,365,0.243,0.3193333333333333,0.8016666666666667,0.28733333333333333
HVB,2020,ENERO,RN,1551,2435,777891,263,0.18333333333333335,0.42300000000000004,3.4973333333333336,0.20633333333333334
HVB,2020,FEBRERO,RN,1563,2435,761802,232,0.2273333333333333,0.37966666666666665,8.130333333333335,0.18200000000000002
HVB,2020,JULIO,RN,1551,2435,804264,335,0.4073333333333333,0.25066666666666665,0.0,0.0
HVB,2020,JUNIO,RN,1626,2435,718822,247,0.48266666666666663,0.14933333333333332,0.0,0.0
HVB,2020,MARZO,RN,1571,2435,751336,225,0.225,0.257,3.4586666666666672,0.7223333333333333
HVB,2020,MAYO,RN,1618,2435,710703,301,0.49433333333333335,0.17866666666666667,0.0,0.0
HVB,2020,NOVIEMBRE,RN,1788,2435,1348304,367,0.19499999999999998,0.27033333333333337,0.37366666666666665,0.257
HVB,2020,OCTUBRE,RN,1813,2435,858754,422,0.2776666666666667,0.24866666666666667,2.4446666666666665,0.3476666666666666
HVB,2020,SETIEMBRE,RN,1734,2435,749638,387,0.27266666666666667,0.359,18.492,0.5363333333333333
HVB,2021,ABRIL,RN,1895,2501,268268,500,0.19400000000000003,0.118,9.826666666666666,0.4656666666666667
HVB,2021,AGOSTO,RN,1918,2501,629819,330,0.2356666666666667,0.17866666666666667,3.763666666666667,0.47100000000000003
HVB,2021,DICIEMBRE,RN,1950,2501,486866,229,0.25633333333333336,0.31466666666666665,3.602,0.19433333333333333
HVB,2021,ENERO,RN,1812,2501,822309,380,0.26566666666666666,0.19933333333333333,1.514,0.19133333333333336
HVB,2021,FEBRERO,RN,1810,2501,677118,396,0.19699999999999998,0.17933333333333334,0.25233333333333335,0.5203333333333333
HVB,2021,JULIO,RN,1882,2501,647735,366,0.2763333333333334,0.399,2.0196666666666663,0.2416666666666667
HVB,2021,JUNIO,RN,1879,2501,696098,418,0.204,0.39799999999999996,1.1183333333333334,0.7433333333333333
HVB,2021,MARZO,RN,1824,2501,1269741,518,0.27666666666666667,0.27266666666666667,0.4446666666666667,1.0446666666666666
HVB,2021,MAYO,RN,1869,2501,694026,355,0.23866666666666667,0.26333333333333336,0.322,0.205
HVB,2021,NOVIEMBRE,RN,1939,2501,811749,313,0.21,0.217,10.665666666666668,1.273
HVB,2021,OCTUBRE,RN,1875,2501,612818,279,0.33666666666666667,0.31766666666666665,3.731333333333333,0.5553333333333333
HVB,2021,SETIEMBRE,RN,1903,2501,681661,376,0.24266666666666667,0.266,0.38766666666666666,0.18533333333333335
HVB,2022,ABRIL,RN,2042,2564,748576,859,0.16366666666666665,0.21366666666666667,12.200000000000001,0.5693333333333334
HVB,2022,AGOSTO,RN,1923,2564,779177,770,0.20766666666666667,0.40066666666666667,6.354333333333333,0.12233333333333334
HVB,2022,DICIEMBRE,RN,2204,2564,996898,792,0.20633333333333334,0.158,18.314333333333334,0.18300000000000002
HVB,2022,ENERO,RN,1970,2564,684081,944,0.2376666666666667,0.248,20.751333333333335,1.7856666666666667
HVB,2022,FEBRERO,RN,1993,2564,910655,818,0.17266666666666666,0.17800000000000002,0.25666666666666665,0.6346666666666666
HVB,2022,JULIO,RN,2028,2564,1104057,857,0.18466666666666667,0.33966666666666673,4.626,0.2803333333333334
HVB,2022,JUNIO,RN,2017,2564,709615,816,0.206,0.4653333333333333,0.8066666666666666,0.20566666666666666
HVB,2022,MARZO,RN,2027,2564,784465,892,0.162,0.2793333333333334,11.613333333333332,0.5706666666666667
HVB,2022,MAYO,RN,2014,2564,760212,819,0.25,0.126,10.295333333333334,0.518
HVB,2022,NOVIEMBRE,RN,2204,2564,677800,932,0.231,0.14766666666666667,21.543666666666667,0.16166666666666665
HVB,2022,OCTUBRE,RN,2204,2564,541898,784,0.23766666666666666,0.29633333333333334,5.5376666666666665,0.731
HVB,2022,SETIEMBRE,RN,2016,2564,694132,784,0.25166666666666665,0.37000000000000005,6.698666666666667,0.3256666666666667
INFLUENZA,2019,ABRIL,2_ANIOS,1972,5690,998497,53,0.14450000000000002,0.597,0.877,0.313
INFLUENZA,2019,AGOSTO,2_ANIOS,1866,5690,3650033,176,0.19,0.47950000000000004,3.2899999999999996,0.16749999999999998
INFLUENZA,2019,DICIEMBRE,2_ANIOS,1874,5690,1953340,112,0.197,0.43500000000000005,19.6735,0.21150000000000002
INFLUENZA,2019,ENERO,2_ANIOS,1848,5690,924269,18,0.1985,0.362,0.887,0.269
INFLUENZA,2019,FEBRERO,2_ANIOS,1742,5690,1000320,12,0.1965,0.106,6.9725,0.15
INFLUENZA,2019,JULIO,2_ANIOS,1972,5690,1352080,138,0.29200000000000004,0.3685,14.760000000000002,0.21200000000000002
INFLUENZA,2019,JUNIO,2_ANIOS,1874,5690,1235133,106,0.186,0.438,2.0895,0.21750000000000003
INFLUENZA,2019,MARZO,2_ANIOS,1972,5690,1003216,11,0.293,0.135,3.0425,0.5885
INFLUENZA,2019,MAYO,2_ANIOS,1866,5690,1030125,209,0.22599999999999998,0.35450000000000004,20.503999999999998,0.28200000000000003
INFLUENZA,2019,NOVIEMBRE,2_ANIOS,1872,5690,1813790,146,0.1755,0.405,8.0945,0.21
INFLUENZA,2019,OCTUBRE,2_ANIOS,1972,5690,619318,757,0.243,0.33799999999999997,11.2205,0.247
INFLUENZA,2019,SETIEMBRE,2_ANIOS,1886,5690,85800,721,0.136,0.494,25.7535,0.186
INFLUENZA,2020,ABRIL,2_ANIOS,3124,2435,815151,16,0.30933333333333335,0.4043333333333334,0.0,0.0
INFLUENZA,2020,AGOSTO,2_ANIOS,3468,2435,725676,701,0.43933333333333335,0.1376666666666667,0.0,0.0
INFLUENZA,2020,DICIEMBRE,2_ANIOS,3626,2435,161316,566,0.243,0.3193333333333333,0.8016666666666667,0.28733333333333333
INFLUENZA,2020,ENERO,2_ANIOS,3102,2435,777891,387,0.18333333333333335,0.42300000000000004,3.4973333333333336,0.20633333333333334
INFLUENZA,2020,FEBRERO,2_ANIOS,3126,2435,761802,273,0.2273333333333333,0.37966666666666665,8.130333333333335,0.18200000000000002
INFLUENZA,2020,JULIO,2_ANIOS,3102,2435,804264,473,0.4073333333333333,0.25066666666666665,0.0,0.0
INFLUENZA,2020,JUNIO,2_ANIOS,3252,2435,718822,181,0.48266666666666663,0.14933333333333332,0.0,0.0
INFLUENZA,2020,MARZO,2_ANIOS,3142,2435,751336,312,0.225,0.257,3.4586666666666672,0.7223333333333333
INFLUENZA,2020,MAYO,2_ANIOS,3236,2435,710703,62,0.49433333333333335,0.17866666666666667,0.0,0.0
INFLUENZA,2020,NOVIEMBRE,2_ANIOS,3576,2435,1348304,1547,0.19499999999999998,0.27033333333333337,0.37366666666666665,0.257
INFLUENZA,2020,OCTUBRE,2_ANIOS,3626,2435,858754,1709,0.2776666666666667,0.24866666666666667,2.4446666666666665,0.3476666666666666
INFLUENZA,2020,SETIEMBRE,2_ANIOS,3468,2435,749638,1725,0.27266666666666667,0.359,18.492,0.5363333333333333
INFLUENZA,2021,ABRIL,2_ANIOS,3790,2501,268268,64,0.19400000000000003,0.118,9.826666666666666,0.4656666666666667
INFLUENZA,2021,AGOSTO,2_ANIOS,3836,2501,629819,560,0.2356666666666667,0.17866666666666667,3.763666666666667,0.47100000000000003
INFLUENZA,2021,DICIEMBRE,2_ANIOS,3900,2501,486866,548,0.25633333333333336,0.31466666666666665,3.602,0.19433333333333333
INFLUENZA,2021,ENERO,2_ANIOS,3624,2501,822309,378,0.26566666666666666,0.19933333333333333,1.514,0.19133333333333336
INFLUENZA,2021,FEBRERO,2_ANIOS,3620,2501,677118,304,0.19699999999999998,0.17933333333333334,0.25233333333333335,0.5203333333333333
INFLUENZA,2021,JULIO,2_ANIOS,3764,2501,647735,635,0.2763333333333334,0.399,2.0196666666666663,0.2416666666666667
INFLUENZA,2021,JUNIO,2_ANIOS,3758,2501,696098,550,0.204,0.39799999999999996,1.1183333333333334,0.7433333333333333
INFLUENZA,2021,MARZO,2_ANIOS,3648,2501,1269741,189,0.27666666666666667,0.27266666666666667,0.4446666666666667,1.0446666666666666
INFLUENZA,2021,MAYO,2_ANIOS,3738,2501,694026,236,0.23866666666666667,0.26333333333333336,0.322,0.205
INFLUENZA,2021,NOVIEMBRE,2_ANIOS,3878,2501,811749,653,0.21,0.217,10.665666666666668,1.273
INFLUENZA,2021,OCTUBRE,2_ANIOS,3750,2501,612818,609,0.33666666666666667,0.31766666666666665,3.731333333333333,0.5553333333333333
INFLUENZA,2021,SETIEMBRE,2_ANIOS,3806,2501,681661,629,0.24266666666666667,0.266,0.38766666666666666,0.18533333333333335
INFLUENZA,2022,ABRIL,2_ANIOS,4084,2564,748576,32,0.16366666666666665,0.21366666666666667,12.200000000000001,0.5693333333333334
INFLUENZA,2022,AGOSTO,2_ANIOS,3846,2564,779177,697,0.20766666666666667,0.40066666666666667,6.354333333333333,0.12233333333333334
INFLUENZA,2022,DICIEMBRE,2_ANIOS,4408,2564,996898,518,0.20633333333333334,0.158,18.314333333333334,0.18300000000000002
INFLUENZA,2022,ENERO,2_ANIOS,3940,2564,684081,766,0.2376666666666667,0.248,20.751333333333335,1.7856666666666667
INFLUENZA,2022,FEBRERO,2_ANIOS,3986,2564,910655,713,0.17266666666666666,0.17800000000000002,0.25666666666666665,0.6346666666666666
INFLUENZA,2022,JULIO,2_ANIOS,4056,2564,1104057,669,0.18466666666666667,0.33966666666666673,4.626,0.2803333333333334
INFLUENZA,2022,JUNIO,2_ANIOS,4034,2564,709615,648,0.206,0.4653333333333333,0.8066666666666666,0.20566666666666666
INFLUENZA,2022,MARZO,2_ANIOS,4054,2564,784465,657,0.162,0.2793333333333334,11.613333333333332,0.5706666666666667
INFLUENZA,2022,MAYO,2_ANIOS,4028,2564,760212,698,0.25,0.126,10.295333333333334,0.518
INFLUENZA,2022,NOVIEMBRE,2_ANIOS,4408,2564,677800,899,0.231,0.14766666666666667,21.543666666666667,0.16166666666666665
INFLUENZA,2022,OCTUBRE,2_ANIOS,4408,2564,541898,738,0.23766666666666666,0.29633333333333334,5.5376666666666665,0.731
INFLUENZA,2022,SETIEMBRE,2_ANIOS,4032,2564,694132,620,0.25166666666666665,0.37000000000000005,6.698666666666667,0.3256666666666667
NEUMO,2019,ABRIL,1_ANIO,986,5690,998497,250,0.14450000000000002,0.597,0.877,0.313
NEUMO,2019,AGOSTO,1_ANIO,933,5690,3650033,119,0.19,0.47950000000000004,3.2899999999999996,0.16749999999999998
NEUMO,2019,DICIEMBRE,1_ANIO,937,5690,1953340,204,0.197,0.43500000000000005,19.6735,0.21150000000000002
NEUMO,2019,ENERO,1_ANIO,924,5690,924269,278,0.1985,0.362,0.887,0.269
NEUMO,2019,FEBRERO,1_ANIO,871,5690,1000320,209,0.1965,0.106,6.9725,0.15
NEUMO,2019,JULIO,1_ANIO,986,5690,1352080,162,0.29200000000000004,0.3685,14.760000000000002,0.21200000000000002
NEUMO,2019,JUNIO,1_ANIO,937,5690,1235133,193,0.186,0.438,2.0895,0.21750000000000003
NEUMO,2019,MARZO,1_ANIO,986,5690,1003216,182,0.293,0.135,3.0425,0.5885
NEUMO,2019,MAYO,1_ANIO,933,5690,1030125,213,0.22599999999999998,0.35450000000000004,20.503999999999998,0.28200000000000003
NEUMO,2019,NOVIEMBRE,1_ANIO,936,5690,1813790,205,0.1755,0.405,8.0945,0.21
NEUMO,2019,OCTUBRE,1_ANIO,986,5690,619318,268,0.243,0.33799999999999997,11.2205,0.247
NEUMO,2019,SETIEMBRE,1_ANIO,943,5690,85800,327,0.136,0.494,25.7535,0.186
NEUMO,2020,ABRIL,1_ANIO,1562,2435,815151,67,0.30933333333333335,0.4043333333333334,0.0,0.0
NEUMO,2020,AGOSTO,1_ANIO,1734,2435,725676,634,0.43933333333333335,0.1376666666666667,0.0,0.0
NEUMO,2020,DICIEMBRE,1_ANIO,1813,2435,161316,559,0.243,0.3193333333333333,0.8016666666666667,0.28733333333333333
NEUMO,2020,ENERO,1_ANIO,1551,2435,777891,556,0.18333333333333335,0.42300000000000004,3.4973333333333336,0.20633333333333334
NEUMO,2020,FEBRERO,1_ANIO,1563,2435,761802,566,0.2273333333333333,0.37966666666666665,8.130333333333335,0.18200000000000002
NEUMO,2020,JULIO,1_ANIO,1551,2435,804264,648,0.4073333333333333,0.25066666666666665,0.0,0.0
NEUMO,2020,JUNIO,1_ANIO,1626,2435,718822,222,0.48266666666666663,0.14933333333333332,0.0,0.0
NEUMO,2020,MARZO,1_ANIO,1571,2435,751336,352,0.225,0.257,3.4586666666666672,0.7223333333333333
NEUMO,2020,MAYO,1_ANIO,1618,2435,710703,94,0.49433333333333335,0.17866666666666667,0.0,0.0
NEUMO,2020,NOVIEMBRE,1_ANIO,1788,2435,1348304,841,0.19499999999999998,0.27033333333333337,0.37366666666666665,0.257
NEUMO,2020,OCTUBRE,1_ANIO,1813,2435,858754,911,0.2776666666666667,0.24866666666666667,2.4446666666666665,0.3476666666666666
NEUMO,2020,SETIEMBRE,1_ANIO,1734,2435,749638,928,0.27266666666666667,0.359,18.492,0.5363333333333333
NEUMO,2021,ABRIL,1_ANIO,1895,2501,268268,544,0.19400000000000003,0.118,9.826666666666666,0.4656666666666667
NEUMO,2021,AGOSTO,1_ANIO,1918,2501,629819,619,0.2356666666666667,0.17866666666666667,3.763666666666667,0.47100000000000003
NEUMO,2021,DICIEMBRE,1_ANIO,1950,2501,486866,329,0.25633333333333336,0.31466666666666665,3.602,0.19433333333333333
NEUMO,2021,ENERO,1_ANIO,1812,2501,822309,513,0.26566666666666666,0.19933333333333333,1.514,0.19133333333333336
NEUMO,2021,FEBRERO,1_ANIO,1810,2501,677118,506,0.19699999999999998,0.17933333333333334,0.25233333333333335,0.5203333333333333
NEUMO,2021,JULIO,1_ANIO,1882,2501,647735,491,0.2763333333333334,0.399,2.0196666666666663,0.2416666666666667
NEUMO,2021,JUNIO,1_ANIO,1879,2501,696098,568,0.204,0.39799999999999996,1.1183333333333334,0.7433333333333333
NEUMO,2021,MARZO,1_ANIO,1824,2501,1269741,580,0.27666666666666667,0.27266666666666667,0.4446666666666667,1.0446666666666666
NEUMO,2021,MAYO,1_ANIO,1869,2501,694026,572,0.23866666666666667,0.26333333333333336,0.322,0.205
NEUMO,2021,NOVIEMBRE,1_ANIO,1939,2501,811749,544,0.21,0.217,10.665666666666668,1.273
NEUMO,2021,OCTUBRE,1_ANIO,1875,2501,612818,410,0.33666666666666667,0.31766666666666665,3.731333333333333,0.5553333333333333
NEUMO,2021,SETIEMBRE,1_ANIO,1903,2501,681661,597,0.24266666666666667,0.266,0.38766666666666666,0.18533333333333335
NEUMO,2022,ABRIL,1_ANIO,2042,2564,748576,597,0.16366666666666665,0.21366666666666667,12.200000000000001,0.5693333333333334
NEUMO,2022,AGOSTO,1_ANIO,1923,2564,779177,594,0.20766666666666667,0.40066666666666667,6.354333333333333,0.12233333333333334
NEUMO,2022,DICIEMBRE,1_ANIO,2204,2564,996898,485,0.20633333333333334,0.158,18.314333333333334,0.18300000000000002
NEUMO,2022,ENERO,1_ANIO,1970,2564,684081,527,0.2376666666666667,0.248,20.751333333333335,1.7856666666666667
NEUMO,2022,FEBRERO,1_ANIO,1993,2564,910655,633,0.17266666666666666,0.17800000000000002,0.25666666666666665,0.6346666666666666
NEUMO,2022,JULIO,1_ANIO,2028,2564,1104057,539,0.18466666666666667,0.33966666666666673,4.626,0.2803333333333334
NEUMO,2022,JUNIO,1_ANIO,2017,2564,709615,560,0.206,0.4653333333333333,0.8066666666666666,0.20566666666666666
NEUMO,2022,MARZO,1_ANIO,2027,2564,784465,605,0.162,0.2793333333333334,11.613333333333332,0.5706666666666667
NEUMO,2022,MAYO,1_ANIO,2014,2564,760212,593,0.25,0.126,10.295333333333334,0.518
NEUMO,2022,NOVIEMBRE,1_ANIO,2204,2564,677800,705,0.231,0.14766666666666667,21.543666666666667,0.16166666666666665
NEUMO,2022,OCTUBRE,1_ANIO,2204,2564,541898,718,0.23766666666666666,0.29633333333333334,5.5376666666666665,0.731
NEUMO,2022,SETIEMBRE,1_ANIO,2016,2564,694132,642,0.25166666666666665,0.37000000000000005,6.698666666666667,0.3256666666666667
PENTA,2019,ABRIL,<1_ANIO,986,5690,998497,252,0.14450000000000002,0.597,0.877,0.313
PENTA,2019,AGOSTO,<1_ANIO,933,5690,3650033,215,0.19,0.47950000000000004,3.2899999999999996,0.16749999999999998
PENTA,2019,DICIEMBRE,<1_ANIO,937,5690,1953340,219,0.197,0.43500000000000005,19.6735,0.21150000000000002
PENTA,2019,ENERO,<1_ANIO,924,5690,924269,234,0.1985,0.362,0.887,0.269
PENTA,2019,FEBRERO,<1_ANIO,871,5690,1000320,192,0.1965,0.106,6.9725,0.15
PENTA,2019,JULIO,<1_ANIO,986,5690,1352080,274,0.29200000000000004,0.3685,14.760000000000002,0.21200000000000002
PENTA,2019,JUNIO,<1_ANIO,937,5690,1235133,266,0.186,0.438,2.0895,0.21750000000000003
PENTA,2019,MARZO,<1_ANIO,986,5690,1003216,268,0.293,0.135,3.0425,0.5885
PENTA,2019,MAYO,<1_ANIO,933,5690,1030125,263,0.22599999999999998,0.35450000000000004,20.503999999999998,0.28200000000000003
PENTA,2019,NOVIEMBRE,<1_ANIO,936,5690,1813790,273,0.1755,0.405,8.0945,0.21
PENTA,2019,OCTUBRE,<1_ANIO,986,5690,619318,265,0.243,0.33799999999999997,11.2205,0.247
PENTA,2019,SETIEMBRE,<1_ANIO,943,5690,85800,352,0.136,0.494,25.7535,0.186
PENTA,2020,ABRIL,<1_ANIO,1562,2435,815151,50,0.30933333333333335,0.4043333333333334,0.0,0.0
PENTA,2020,AGOSTO,<1_ANIO,1734,2435,725676,526,0.43933333333333335,0.1376666666666667,0.0,0.0
PENTA,2020,DICIEMBRE,<1_ANIO,1813,2435,161316,697,0.243,0.3193333333333333,0.8016666666666667,0.28733333333333333
PENTA,2020,ENERO,<1_ANIO,1551,2435,777891,655,0.18333333333333335,0.42300000000000004,3.4973333333333336,0.20633333333333334
PENTA,2020,FEBRERO,<1_ANIO,1563,2435,761802,599,0.2273333333333333,0.37966666666666665,8.130333333333335,0.18200000000000002
PENTA,2020,JULIO,<1_ANIO,1551,2435,804264,508,0.4073333333333333,0.25066666666666665,0.0,0.0
PENTA,2020,JUNIO,<1_ANIO,1626,2435,718822,243,0.48266666666666663,0.14933333333333332,0.0,0.0
PENTA,2020,MARZO,<1_ANIO,1571,2435,751336,409,0.225,0.257,3.4586666666666672,0.7223333333333333
PENTA,2020,MAYO,<1_ANIO,1618,2435,710703,103,0.49433333333333335,0.17866666666666667,0.0,0.0
PENTA,2020,NOVIEMBRE,<1_ANIO,1788,2435,1348304,893,0.19499999999999998,0.27033333333333337,0.37366666666666665,0.257
PENTA,2020,OCTUBRE,<1_ANIO,1813,2435,858754,743,0.2776666666666667,0.24866666666666667,2.4446666666666665,0.3476666666666666
PENTA,2020,SETIEMBRE,<1_ANIO,1734,2435,749638,657,0.27266666666666667,0.359,18.492,0.5363333333333333
PENTA,2021,ABRIL,<1_ANIO,1895,2501,268268,593,0.19400000000000003,0.118,9.826666666666666,0.4656666666666667
PENTA,2021,AGOSTO,<1_ANIO,1918,2501,629819,601,0.2356666666666667,0.17866666666666667,3.763666666666667,0.47100000000000003
PENTA,2021,DICIEMBRE,<1_ANIO,1950,2501,486866,440,0.25633333333333336,0.31466666666666665,3.602,0.19433333333333333
PENTA,2021,ENERO,<1_ANIO,1812,2501,822309,709,0.26566666666666666,0.19933333333333333,1.514,0.19133333333333336
PENTA,2021,FEBRERO,<1_ANIO,1810,2501,677118,643,0.19699999999999998,0.17933333333333334,0.25233333333333335,0.5203333333333333
PENTA,2021,JULIO,<1_ANIO,1882,2501,647735,613,0.2763333333333334,0.399,2.0196666666666663,0.2416666666666667
PENTA,2021,JUNIO,<1_ANIO,1879,2501,696098,557,0.204,0.39799999999999996,1.1183333333333334,0.7433333333333333
PENTA,2021,MARZO,<1_ANIO,1824,2501,1269741,734,0.27666666666666667,0.27266666666666667,0.4446666666666667,1.0446666666666666
PENTA,2021,MAYO,<1_ANIO,1869,2501,694026,607,0.23866666666666667,0.26333333333333336,0.322,0.205
PENTA,2021,NOVIEMBRE,<1_ANIO,1939,2501,811749,641,0.21,0.217,10.665666666666668,1.273
PENTA,2021,OCTUBRE,<1_ANIO,1875,2501,612818,540,0.33666666666666667,0.31766666666666665,3.731333333333333,0.5553333333333333
PENTA,2021,SETIEMBRE,<1_ANIO,1903,2501,681661,705,0.24266666666666667,0.266,0.38766666666666666,0.18533333333333335
PENTA,2022,ABRIL,<1_ANIO,2042,2564,748576,715,0.16366666666666665,0.21366666666666667,12.200000000000001,0.5693333333333334
PENTA,2022,AGOSTO,<1_ANIO,1923,2564,779177,687,0.20766666666666667,0.40066666666666667,6.354333333333333,0.12233333333333334
PENTA,2022,DICIEMBRE,<1_ANIO,2204,2564,996898,564,0.20633333333333334,0.158,18.314333333333334,0.18300000000000002
PENTA,2022,ENERO,<1_ANIO,1970,2564,684081,696,0.2376666666666667,0.248,20.751333333333335,1.7856666666666667
PENTA,2022,FEBRERO,<1_ANIO,1993,2564,910655,701,0.17266666666666666,0.17800000000000002,0.25666666666666665,0.6346666666666666
PENTA,2022,JULIO,<1_ANIO,2028,2564,1104057,669,0.18466666666666667,0.33966666666666673,4.626,0.2803333333333334
PENTA,2022,JUNIO,<1_ANIO,2017,2564,709615,634,0.206,0.4653333333333333,0.8066666666666666,0.20566666666666666
PENTA,2022,MARZO,<1_ANIO,2027,2564,784465,749,0.162,0.2793333333333334,11.613333333333332,0.5706666666666667
PENTA,2022,MAYO,<1_ANIO,2014,2564,760212,688,0.25,0.126,10.295333333333334,0.518
PENTA,2022,NOVIEMBRE,<1_ANIO,2204,2564,677800,726,0.231,0.14766666666666667,21.543666666666667,0.16166666666666665
PENTA,2022,OCTUBRE,<1_ANIO,2204,2564,541898,687,0.23766666666666666,0.29633333333333334,5.5376666666666665,0.731
PENTA,2022,SETIEMBRE,<1_ANIO,2016,2564,694132,650,0.25166666666666665,0.37000000000000005,6.698666666666667,0.3256666666666667
ROTA,2019,ABRIL,<1_ANIO,986,5690,998497,323,0.14450000000000002,0.597,0.877,0.313
ROTA,2019,AGOSTO,<1_ANIO,933,5690,3650033,212,0.19,0.47950000000000004,3.2899999999999996,0.16749999999999998
ROTA,2019,DICIEMBRE,<1_ANIO,937,5690,1953340,266,0.197,0.43500000000000005,19.6735,0.21150000000000002
ROTA,2019,ENERO,<1_ANIO,924,5690,924269,281,0.1985,0.362,0.887,0.269
ROTA,2019,FEBRERO,<1_ANIO,871,5690,1000320,275,0.1965,0.106,6.9725,0.15
ROTA,2019,JULIO,<1_ANIO,986,5690,1352080,227,0.29200000000000004,0.3685,14.760000000000002,0.21200000000000002
ROTA,2019,JUNIO,<1_ANIO,937,5690,1235133,334,0.186,0.438,2.0895,0.21750000000000003
ROTA,2019,MARZO,<1_ANIO,986,5690,1003216,318,0.293,0.135,3.0425,0.5885
ROTA,2019,MAYO,<1_ANIO,933,5690,1030125,322,0.22599999999999998,0.35450000000000004,20.503999999999998,0.28200000000000003
ROTA,2019,NOVIEMBRE,<1_ANIO,936,5690,1813790,285,0.1755,0.405,8.0945,0.21
ROTA,2019,OCTUBRE,<1_ANIO,986,5690,619318,268,0.243,0.33799999999999997,11.2205,0.247
ROTA,2019,SETIEMBRE,<1_ANIO,943,5690,85800,326,0.136,0.494,25.7535,0.186
ROTA,2020,ABRIL,<1_ANIO,1562,2435,815151,68,0.30933333333333335,0.4043333333333334,0.0,0.0
ROTA,2020,AGOSTO,<1_ANIO,1734,2435,725676,739,0.43933333333333335,0.1376666666666667,0.0,0.0
ROTA,2020,DICIEMBRE,<1_ANIO,1813,2435,161316,672,0.243,0.3193333333333333,0.8016666666666667,0.28733333333333333
ROTA,2020,ENERO,<1_ANIO,1551,2435,777891,745,0.18333333333333335,0.42300000000000004,3.4973333333333336,0.20633333333333334
ROTA,2020,FEBRERO,<1_ANIO,1563,2435,761802,635,0.2273333333333333,0.37966666666666665,8.130333333333335,0.18200000000000002
ROTA,2020,JULIO,<1_ANIO,1551,2435,804264,473,0.4073333333333333,0.25066666666666665,0.0,0.0
ROTA,2020,JUNIO,<1_ANIO,1626,2435,718822,314,0.48266666666666663,0.14933333333333332,0.0,0.0
ROTA,2020,MARZO,<1_ANIO,1571,2435,751336,418,0.225,0.257,3.4586666666666672,0.7223333333333333
ROTA,2020,MAYO,<1_ANIO,1618,2435,710703,131,0.49433333333333335,0.17866666666666667,0.0,0.0
ROTA,2020,NOVIEMBRE,<1_ANIO,1788,2435,1348304,718,0.19499999999999998,0.27033333333333337,0.37366666666666665,0.257
ROTA,2020,OCTUBRE,<1_ANIO,1813,2435,858754,759,0.2776666666666667,0.24866666666666667,2.4446666666666665,0.3476666666666666
ROTA,2020,SETIEMBRE,<1_ANIO,1734,2435,749638,942,0.27266666666666667,0.359,18.492,0.5363333333333333
ROTA,2021,ABRIL,<1_ANIO,1895,2501,268268,600,0.19400000000000003,0.118,9.826666666666666,0.4656666666666667
ROTA,2021,AGOSTO,<1_ANIO,1918,2501,629819,774,0.2356666666666667,0.17866666666666667,3.763666666666667,0.47100000000000003
ROTA,2021,DICIEMBRE,<1_ANIO,1950,2501,486866,440,0.25633333333333336,0.31466666666666665,3.602,0.19433333333333333
ROTA,2021,ENERO,<1_ANIO,1812,2501,822309,692,0.26566666666666666,0.19933333333333333,1.514,0.19133333333333336
ROTA,2021,FEBRERO,<1_ANIO,1810,2501,677118,594,0.19699999999999998,0.17933333333333334,0.25233333333333335,0.5203333333333333
ROTA,2021,JULIO,<1_ANIO,1882,2501,647735,765,0.2763333333333334,0.399,2.0196666666666663,0.2416666666666667
ROTA,2021,JUNIO,<1_ANIO,1879,2501,696098,617,0.204,0.39799999999999996,1.1183333333333334,0.7433333333333333
ROTA,2021,MARZO,<1_ANIO,1824,2501,1269741,706,0.27666666666666667,0.27266666666666667,0.4446666666666667,1.0446666666666666
ROTA,2021,MAYO,<1_ANIO,1869,2501,694026,620,0.23866666666666667,0.26333333333333336,0.322,0.205
ROTA,2021,NOVIEMBRE,<1_ANIO,1939,2501,811749,726,0.21,0.217,10.665666666666668,1.273
ROTA,2021,OCTUBRE,<1_ANIO,1875,2501,612818,585,0.33666666666666667,0.31766666666666665,3.731333333333333,0.5553333333333333
ROTA,2021,SETIEMBRE,<1_ANIO,1903,2501,681661,739,0.24266666666666667,0.266,0.38766666666666666,0.18533333333333335
ROTA,2022,ABRIL,<1_ANIO,2042,2564,748576,531,0.16366666666666665,0.21366666666666667,12.200000000000001,0.5693333333333334
ROTA,2022,AGOSTO,<1_ANIO,1923,2564,779177,735,0.20766666666666667,0.40066666666666667,6.354333333333333,0.12233333333333334
ROTA,2022,DICIEMBRE,<1_ANIO,2204,2564,996898,583,0.20633333333333334,0.158,18.314333333333334,0.18300000000000002
ROTA,2022,ENERO,<1_ANIO,1970,2564,684081,791,0.2376666666666667,0.248,20.751333333333335,1.7856666666666667
ROTA,2022,FEBRERO,<1_ANIO,1993,2564,910655,808,0.17266666666666666,0.17800000000000002,0.25666666666666665,0.6346666666666666
ROTA,2022,JULIO,<1_ANIO,2028,2564,1104057,759,0.18466666666666667,0.33966666666666673,4.626,0.2803333333333334
ROTA,2022,JUNIO,<1_ANIO,2017,2564,709615,647,0.206,0.4653333333333333,0.8066666666666666,0.20566666666666666
ROTA,2022,MARZO,<1_ANIO,2027,2564,784465,752,0.162,0.2793333333333334,11.613333333333332,0.5706666666666667
ROTA,2022,MAYO,<1_ANIO,2014,2564,760212,881,0.25,0.126,10.295333333333334,0.518
ROTA,2022,NOVIEMBRE,<1_ANIO,2204,2564,677800,694,0.231,0.14766666666666667,21.543666666666667,0.16166666666666665
ROTA,2022,OCTUBRE,<1_ANIO,2204,2564,541898,757,0.23766666666666666,0.29633333333333334,5.5376666666666665,0.731
ROTA,2022,SETIEMBRE,<1_ANIO,2016,2564,694132,733,0.25166666666666665,0.37000000000000005,6.698666666666667,0.3256666666666667
SPR,2019,ABRIL,1_ANIO,986,5690,998497,182,0.14450000000000002,0.597,0.877,0.313
SPR,2019,AGOSTO,1_ANIO,933,5690,3650033,69,0.19,0.47950000000000004,3.2899999999999996,0.16749999999999998
SPR,2019,DICIEMBRE,1_ANIO,937,5690,1953340,151,0.197,0.43500000000000005,19.6735,0.21150000000000002
SPR,2019,ENERO,1_ANIO,924,5690,924269,147,0.1985,0.362,0.887,0.269
SPR,2019,FEBRERO,1_ANIO,871,5690,1000320,176,0.1965,0.106,6.9725,0.15
SPR,2019,JULIO,1_ANIO,986,5690,1352080,118,0.29200000000000004,0.3685,14.760000000000002,0.21200000000000002
SPR,2019,JUNIO,1_ANIO,937,5690,1235133,122,0.186,0.438,2.0895,0.21750000000000003
SPR,2019,MARZO,1_ANIO,986,5690,1003216,147,0.293,0.135,3.0425,0.5885
SPR,2019,MAYO,1_ANIO,933,5690,1030125,160,0.22599999999999998,0.35450000000000004,20.503999999999998,0.28200000000000003
SPR,2019,NOVIEMBRE,1_ANIO,936,5690,1813790,133,0.1755,0.405,8.0945,0.21
SPR,2019,OCTUBRE,1_ANIO,986,5690,619318,163,0.243,0.33799999999999997,11.2205,0.247
SPR,2019,SETIEMBRE,1_ANIO,943,5690,85800,226,0.136,0.494,25.7535,0.186
SPR,2020,ABRIL,1_ANIO,1562,2435,815151,32,0.30933333333333335,0.4043333333333334,0.0,0.0
SPR,2020,AGOSTO,1_ANIO,1734,2435,725676,391,0.43933333333333335,0.1376666666666667,0.0,0.0
SPR,2020,DICIEMBRE,1_ANIO,1813,2435,161316,257,0.243,0.3193333333333333,0.8016666666666667,0.28733333333333333
SPR,2020,ENERO,1_ANIO,1551,2435,777891,362,0.18333333333333335,0.42300000000000004,3.4973333333333336,0.20633333333333334
SPR,2020,FEBRERO,1_ANIO,1563,2435,761802,361,0.2273333333333333,0.37966666666666665,8.130333333333335,0.18200000000000002
SPR,2020,JULIO,1_ANIO,1551,2435,804264,328,0.4073333333333333,0.25066666666666665,0.0,0.0
SPR,2020,JUNIO,1_ANIO,1626,2435,718822,131,0.48266666666666663,0.14933333333333332,0.0,0.0
SPR,2020,MARZO,1_ANIO,1571,2435,751336,234,0.225,0.257,3.4586666666666672,0.7223333333333333
SPR,2020,MAYO,1_ANIO,1618,2435,710703,53,0.49433333333333335,0.17866666666666667,0.0,0.0
SPR,2020,NOVIEMBRE,1_ANIO,1788,2435,1348304,359,0.19499999999999998,0.27033333333333337,0.37366666666666665,0.257
SPR,2020,OCTUBRE,1_ANIO,1813,2435,858754,418,0.2776666666666667,0.24866666666666667,2.4446666666666665,0.3476666666666666
SPR,2020,SETIEMBRE,1_ANIO,1734,2435,749638,568,0.27266666666666667,0.359,18.492,0.5363333333333333
SPR,2021,ABRIL,1_ANIO,1895,2501,268268,311,0.19400000000000003,0.118,9.826666666666666,0.4656666666666667
SPR,2021,AGOSTO,1_ANIO,1918,2501,629819,319,0.2356666666666667,0.17866666666666667,3.763666666666667,0.47100000000000003
SPR,2021,DICIEMBRE,1_ANIO,1950,2501,486866,192,0.25633333333333336,0.31466666666666665,3.602,0.19433333333333333
SPR,2021,ENERO,1_ANIO,1812,2501,822309,308,0.26566666666666666,0.19933333333333333,1.514,0.19133333333333336
SPR,2021,FEBRERO,1_ANIO,1810,2501,677118,294,0.19699999999999998,0.17933333333333334,0.25233333333333335,0.5203333333333333
SPR,2021,JULIO,1_ANIO,1882,2501,647735,317,0.2763333333333334,0.399,2.0196666666666663,0.2416666666666667
SPR,2021,JUNIO,1_ANIO,1879,2501,696098,293,0.204,0.39799999999999996,1.1183333333333334,0.7433333333333333
SPR,2021,MARZO,1_ANIO,1824,2501,1269741,385,0.27666666666666667,0.27266666666666667,0.4446666666666667,1.0446666666666666
SPR,2021,MAYO,1_ANIO,1869,2501,694026,330,0.23866666666666667,0.26333333333333336,0.322,0.205
SPR,2021,NOVIEMBRE,1_ANIO,1939,2501,811749,337,0.21,0.217,10.665666666666668,1.273
SPR,2021,OCTUBRE,1_ANIO,1875,2501,612818,262,0.33666666666666667,0.31766666666666665,3.731333333333333,0.5553333333333333
SPR,2021,SETIEMBRE,1_ANIO,1903,2501,681661,337,0.24266666666666667,0.266,0.38766666666666666,0.18533333333333335
SPR,2022,ABRIL,1_ANIO,2042,2564,748576,342,0.16366666666666665,0.21366666666666667,12.200000000000001,0.5693333333333334
SPR,2022,AGOSTO,1_ANIO,1923,2564,779177,376,0.20766666666666667,0.40066666666666667,6.354333333333333,0.12233333333333334
SPR,2022,DICIEMBRE,1_ANIO,2204,2564,996898,302,0.20633333333333334,0.158,18.314333333333334,0.18300000000000002
SPR,2022,ENERO,1_ANIO,1970,2564,684081,279,0.2376666666666667,0.248,20.751333333333335,1.7856666666666667
SPR,2022,FEBRERO,1_ANIO,1993,2564,910655,348,0.17266666666666666,0.17800000000000002,0.25666666666666665,0.6346666666666666
SPR,2022,JULIO,1_ANIO,2028,2564,1104057,283,0.18466666666666667,0.33966666666666673,4.626,0.2803333333333334
SPR,2022,JUNIO,1_ANIO,2017,2564,709615,266,0.206,0.4653333333333333,0.8066666666666666,0.20566666666666666
SPR,2022,MARZO,1_ANIO,2027,2564,784465,346,0.162,0.2793333333333334,11.613333333333332,0.5706666666666667
SPR,2022,MAYO,1_ANIO,2014,2564,760212,354,0.25,0.126,10.295333333333334,0.518
SPR,2022,NOVIEMBRE,1_ANIO,2204,2564,677800,406,0.231,0.14766666666666667,21.543666666666667,0.16166666666666665
SPR,2022,OCTUBRE,1_ANIO,2204,2564,541898,385,0.23766666666666666,0.29633333333333334,5.5376666666666665,0.731
SPR,2022,SETIEMBRE,1_ANIO,2016,2564,694132,310,0.25166666666666665,0.37000000000000005,6.698666666666667,0.3256666666666667
VARI,2019,ABRIL,1_ANIO,986,5690,998497,353,0.14450000000000002,0.597,0.877,0.313
VARI,2019,AGOSTO,1_ANIO,933,5690,3650033,152,0.19,0.47950000000000004,3.2899999999999996,0.16749999999999998
VARI,2019,DICIEMBRE,1_ANIO,937,5690,1953340,187,0.197,0.43500000000000005,19.6735,0.21150000000000002
VARI,2019,ENERO,1_ANIO,924,5690,924269,214,0.1985,0.362,0.887,0.269
VARI,2019,FEBRERO,1_ANIO,871,5690,1000320,335,0.1965,0.106,6.9725,0.15
VARI,2019,JULIO,1_ANIO,986,5690,1352080,182,0.29200000000000004,0.3685,14.760000000000002,0.21200000000000002
VARI,2019,JUNIO,1_ANIO,937,5690,1235133,256,0.186,0.438,2.0895,0.21750000000000003
VARI,2019,MARZO,1_ANIO,986,5690,1003216,307,0.293,0.135,3.0425,0.5885
VARI,2019,MAYO,1_ANIO,933,5690,1030125,330,0.22599999999999998,0.35450000000000004,20.503999999999998,0.28200000000000003
VARI,2019,NOVIEMBRE,1_ANIO,936,5690,1813790,215,0.1755,0.405,8.0945,0.21
VARI,2019,OCTUBRE,1_ANIO,986,5690,619318,272,0.243,0.33799999999999997,11.2205,0.247
VARI,2019,SETIEMBRE,1_ANIO,943,5690,85800,279,0.136,0.494,25.7535,0.186
VARI,2020,ABRIL,1_ANIO,1562,2435,815151,67,0.30933333333333335,0.4043333333333334,0.0,0.0
VARI,2020,AGOSTO,1_ANIO,1734,2435,725676,515,0.43933333333333335,0.1376666666666667,0.0,0.0
VARI,2020,DICIEMBRE,1_ANIO,1813,2435,161316,444,0.243,0.3193333333333333,0.8016666666666667,0.28733333333333333
VARI,2020,ENERO,1_ANIO,1551,2435,777891,411,0.18333333333333335,0.42300000000000004,3.4973333333333336,0.20633333333333334
VARI,2020,FEBRERO,1_ANIO,1563,2435,761802,392,0.2273333333333333,0.37966666666666665,8.130333333333335,0.18200000000000002
VARI,2020,JULIO,1_ANIO,1551,2435,804264,414,0.4073333333333333,0.25066666666666665,0.0,0.0
VARI,2020,JUNIO,1_ANIO,1626,2435,718822,154,0.48266666666666663,0.14933333333333332,0.0,0.0
VARI,2020,MARZO,1_ANIO,1571,2435,751336,282,0.225,0.257,3.4586666666666672,0.7223333333333333
VARI,2020,MAYO,1_ANIO,1618,2435,710703,67,0.49433333333333335,0.17866666666666667,0.0,0.0
VARI,2020,NOVIEMBRE,1_ANIO,1788,2435,1348304,629,0.19499999999999998,0.27033333333333337,0.37366666666666665,0.257
VARI,2020,OCTUBRE,1_ANIO,1813,2435,858754,781,0.2776666666666667,0.24866666666666667,2.4446666666666665,0.3476666666666666
VARI,2020,SETIEMBRE,1_ANIO,1734,2435,749638,718,0.27266666666666667,0.359,18.492,0.5363333333333333
VARI,2021,ABRIL,1_ANIO,1895,2501,268268,492,0.19400000000000003,0.118,9.826666666666666,0.4656666666666667
VARI,2021,AGOSTO,1_ANIO,1918,2501,629819,579,0.2356666666666667,0.17866666666666667,3.763666666666667,0.47100000000000003
VARI,2021,DICIEMBRE,1_ANIO,1950,2501,486866,209,0.25633333333333336,0.31466666666666665,3.602,0.19433333333333333
VARI,2021,ENERO,1_ANIO,1812,2501,822309,439,0.26566666666666666,0.19933333333333333,1.514,0.19133333333333336
VARI,2021,FEBRERO,1_ANIO,1810,2501,677118,443,0.19699999999999998,0.17933333333333334,0.25233333333333335,0.5203333333333333
VARI,2021,JULIO,1_ANIO,1882,2501,647735,556,0.2763333333333334,0.399,2.0196666666666663,0.2416666666666667
VARI,2021,JUNIO,1_ANIO,1879,2501,696098,514,0.204,0.39799999999999996,1.1183333333333334,0.7433333333333333
VARI,2021,MARZO,1_ANIO,1824,2501,1269741,523,0.27666666666666667,0.27266666666666667,0.4446666666666667,1.0446666666666666
VARI,2021,MAYO,1_ANIO,1869,2501,694026,458,0.23866666666666667,0.26333333333333336,0.322,0.205
VARI,2021,NOVIEMBRE,1_ANIO,1939,2501,811749,346,0.21,0.217,10.665666666666668,1.273
VARI,2021,OCTUBRE,1_ANIO,1875,2501,612818,437,0.33666666666666667,0.31766666666666665,3.731333333333333,0.5553333333333333
VARI,2021,SETIEMBRE,1_ANIO,1903,2501,681661,566,0.24266666666666667,0.266,0.38766666666666666,0.18533333333333335
VARI,2022,ABRIL,1_ANIO,2042,2564,748576,165,0.16366666666666665,0.21366666666666667,12.200000000000001,0.5693333333333334
VARI,2022,AGOSTO,1_ANIO,1923,2564,779177,356,0.20766666666666667,0.40066666666666667,6.354333333333333,0.12233333333333334
VARI,2022,DICIEMBRE,1_ANIO,2204,2564,996898,530,0.20633333333333334,0.158,18.314333333333334,0.18300000000000002
VARI,2022,ENERO,1_ANIO,1970,2564,684081,371,0.2376666666666667,0.248,20.751333333333335,1.7856666666666667
VARI,2022,FEBRERO,1_ANIO,1993,2564,910655,268,0.17266666666666666,0.17800000000000002,0.25666666666666665,0.6346666666666666
VARI,2022,JULIO,1_ANIO,2028,2564,1104057,391,0.18466666666666667,0.33966666666666673,4.626,0.2803333333333334
VARI,2022,JUNIO,1_ANIO,2017,2564,709615,541,0.206,0.4653333333333333,0.8066666666666666,0.20566666666666666
VARI,2022,MARZO,1_ANIO,2027,2564,784465,201,0.162,0.2793333333333334,11.613333333333332,0.5706666666666667
VARI,2022,MAYO,1_ANIO,2014,2564,760212,591,0.25,0.126,10.295333333333334,0.518
VARI,2022,NOVIEMBRE,1_ANIO,2204,2564,677800,739,0.231,0.14766666666666667,21.543666666666667,0.16166666666666665
VARI,2022,OCTUBRE,1_ANIO,2204,2564,541898,674,0.23766666666666666,0.29633333333333334,5.5376666666666665,0.731
VARI,2022,SETIEMBRE,1_ANIO,2016,2564,694132,309,0.25166666666666665,0.37000000000000005,6.698666666666667,0.3256666666666667
